-- phpMyAdmin SQL Dump
-- version 4.5.1
-- http://www.phpmyadmin.net
--
-- Host: 127.0.0.1
-- Generation Time: 06-Jan-2017 às 21:52
-- Versão do servidor: 10.1.13-MariaDB
-- PHP Version: 5.6.23

SET SQL_MODE = "NO_AUTO_VALUE_ON_ZERO";
SET time_zone = "+00:00";


/*!40101 SET @OLD_CHARACTER_SET_CLIENT=@@CHARACTER_SET_CLIENT */;
/*!40101 SET @OLD_CHARACTER_SET_RESULTS=@@CHARACTER_SET_RESULTS */;
/*!40101 SET @OLD_COLLATION_CONNECTION=@@COLLATION_CONNECTION */;
/*!40101 SET NAMES utf8mb4 */;

--
-- Database: `aplicativomobile`
--

-- --------------------------------------------------------

--
-- Estrutura da tabela `aluno`
--

CREATE TABLE `aluno` (
  `idaluno` int(10) UNSIGNED NOT NULL,
  `matricula` varchar(20) NOT NULL,
  `token` varchar(200) DEFAULT NULL,
  `nomealuno` varchar(100) DEFAULT NULL,
  `senha` varchar(80) DEFAULT NULL,
  `alunoativo` int(1) UNSIGNED DEFAULT NULL
) ENGINE=InnoDB DEFAULT CHARSET=utf8;

--
-- Extraindo dados da tabela `aluno`
--

INSERT INTO `aluno` (`idaluno`, `matricula`, `token`, `nomealuno`, `senha`, `alunoativo`) VALUES
(1, '	20161TIJG0454	', NULL, '	Adonias José Mauro da Silva	', NULL, 0),
(2, '	20162TIJG0065	', NULL, '	Alana Viana Borges da Silva Néo	', NULL, 0),
(3, '	20162TIJG0057	', NULL, '	Alberto Luiz Maciel	', NULL, 0),
(4, '	20152TIJG0377	', NULL, '	Alesson Francisco da Silva	', NULL, 0),
(5, '	20152TIJG0199	', NULL, '	Alisson Jonathan do Nascimento	', NULL, 0),
(6, '	20161TIJG0020	', NULL, '	Amanda Rayane Marques	', NULL, 0),
(7, '	20161TIJG0322	', NULL, '	Amauri Ferreira dos Anjos	', NULL, 0),
(8, '	20162TIJG0715	', NULL, '	Amaury de Freitas Costa	', NULL, 0),
(9, '	20142TIJG0689	', NULL, '	Ana Alice Teixeira Lima	', NULL, 0),
(10, '	20162TIJG0049	', NULL, '	Ana Tereza da Silva Uchoa	', NULL, 0),
(11, '	20151TIJG0359	', NULL, '	Anderson Paixao da Silva	', NULL, 0),
(12, '	20152TIJG0369	', NULL, '	Andre Luiz Ferreira da Trindade	', NULL, 0),
(13, '	20152TIJG0300	', NULL, '	Ariane Kessia Mesquita Santos	', NULL, 0),
(14, '	20152TIJG0482	', NULL, '	Armando Cassena Asser e Silva	', NULL, 0),
(15, '	20162TIJG0286	', NULL, '	Arthu Gomes Ramos Silva	', NULL, 0),
(16, '	20142TIJG0050	', NULL, '	Bartolomeu Nunes Filho	', NULL, 0),
(17, '	20162TIJG0405	', NULL, '	Bruna de Figueiroa Faria Obirio	', NULL, 0),
(18, '	20162TIJG0731	', NULL, '	Bruno da Silva	', NULL, 0),
(19, '	20151TIJG0553	', NULL, '	Bruno Gustavo Nascimento e Silva	', NULL, 0),
(20, '	20162TIJG0650	', NULL, '	Bruno Helder Claudino de Barros	', NULL, 0),
(21, '	20162TIJG0340	', NULL, '	Bruno Henrique de Souza Santiago	', NULL, 0),
(22, '	20152TIJG0628	', NULL, '	Bruno Ricardo de Oliveira	', NULL, 0),
(23, '	20161TIJG0543	', NULL, '	Cairo Sousa e Silva	', NULL, 0),
(24, '	20162TIJG0480	', NULL, '	Camila Máximo Medeiros	', NULL, 0),
(25, '	20162TIJG0499	', NULL, '	Carlos Felipe Gomes Alves	', NULL, 0),
(26, '	20151TIJG0596	', NULL, '	Carolynne Victória de Arruda Muniz	', NULL, 0),
(27, '	20152TIJG0024	', NULL, '	Daivson de Azevedo Luiz	', NULL, 0),
(28, '	20162TIJG0456	', NULL, '	Daniel José de Lima	', NULL, 0),
(29, '	20161TIJG0578	', NULL, '	Daniel Ramos da Silva	', NULL, 0),
(30, '	20161TIJG0187	', NULL, '	Daniele Barbosa de Souza	', NULL, 0),
(31, '	20162TIJG0588	', NULL, '	Daniele Maria da Silva	', NULL, 0),
(32, '	20161TIJG0667	', NULL, '	Danielle Ferreira da Silva	', NULL, 0),
(33, '	20161TIJG0381	', NULL, '	Dayane Suellen Santos de Paula	', NULL, 0),
(34, '	20142TIJG0620	', NULL, '	Dayanne Helen Vidal Gomes da Silva	', NULL, 0),
(35, '	20162TIJG0685	', NULL, '	Deivson Monteiro do Nascimento	', NULL, 0),
(36, '	20151TIJG0308	', NULL, '	Demetryus Ricardo da Silva Oliveira	', NULL, 0),
(37, '	20162TIJG0537	', NULL, '	Denice Trindade da Silva Alves	', NULL, 0),
(38, '	20161TIJG0535	', NULL, '	Dimas Rafael Ferreira Costa	', NULL, 0),
(39, '	20162TIJG0677	', NULL, '	Edilania Maria Bezerra	', NULL, 0),
(40, '	20162TIJG0669	', NULL, '	Edilson Jose da Paz	', NULL, 0),
(41, '	20162TIJG0243	', NULL, '	Edmarcos de Lima Almeida	', NULL, 0),
(42, '	20162TIJG0022	', NULL, '	Eduardo Felipe Ribeiro da Silva	', NULL, 0),
(43, '	20162TIJG0723	', NULL, '	Edvânia Maria de Santana	', NULL, 0),
(44, '	20142TIJG0107	', NULL, '	Ellem Diana Silva	', NULL, 0),
(45, '	20162TIJG0090	', NULL, '	Emerson Lourenço de Almeida	', NULL, 0),
(46, '	20152TIJG0695	', NULL, '	Emerson Silva de Paula	', NULL, 0),
(47, '	20162TIJG0618	', NULL, '	Enoque Jose da Silva Pereira	', NULL, 0),
(48, '	20162TIJG0570	', NULL, '	Erivaldo de Lima da Silva	', NULL, 0),
(49, '	20162TIJG0294	', NULL, '	Erividiane Ferreira do Espirito Santos	', NULL, 0),
(50, '	20152TIJG0725	', NULL, '	Estevao Vitorino da Silva	', NULL, 0),
(51, '	20152TIJG0431	', NULL, '	Ewerton Luis Santos da Silva	', NULL, 0),
(52, '	20162TIJG0120	', NULL, '	Fernanda Patricia Rufino Maciel	', NULL, 0),
(53, '	20162TIJG0707	', NULL, '	Fernando Sabino Cardoso Rodrigues	', NULL, 0),
(54, '	20161TIJG0519	', NULL, '	Gabriel Alexandre de Souza	', NULL, 0),
(55, '	20161TIJG0055	', NULL, '	Gabriel Philipe Costa e Silva	', NULL, 0),
(56, '	20162TIJG0740	', NULL, '	Gabriel Victor Ferreira de Melo Peçanha	', NULL, 0),
(57, '	20162TIJG0367	', NULL, '	Geison Figueiredo Barboza dos Santos	', NULL, 0),
(58, '	20161TIJG0403	', NULL, '	Germana Rafaela Souza da Silva	', NULL, 0),
(59, '	20161TIJG0659	', NULL, '	Gilmar Rodrigues dos Santos	', NULL, 0),
(60, '	20151TIJG0251	', NULL, '	Gilson Lourenço de Oliveira Júnior	', NULL, 0),
(61, '	20152TIJG0229	', NULL, '	Gisele Basilio do Nascimento Silva	', NULL, 0),
(62, '	20162TIJG0014	', NULL, '	Gleibson Freitas de Lima	', NULL, 0),
(63, '	20161TIJG0136	', NULL, '	Guilherme Antonio da Silva	', NULL, 0),
(64, '	20162TIJG0081	', NULL, '	Henrique Caetano de Barros	', NULL, 0),
(65, '	20161TIJG0420	', NULL, '	Hewerton Elias da Silva Angelo	', NULL, 0),
(66, '	20161TIJG0608	', NULL, '	Itamar Francisco de Oliveira	', NULL, 0),
(67, '	20162TIJG0464	', NULL, '	Ivancler Bezerra Cabral Júnior	', NULL, 0),
(68, '	20142TIJG0654	', NULL, '	Ivanildo José Ramos	', NULL, 0),
(69, '	20161TIJG0470	', NULL, '	Jabne Lima de Oliveira Silva	', NULL, 0),
(70, '	20161TIJG0225	', NULL, '	Jacilene de Lima Ferreira	', NULL, 0),
(71, '	20152TIJG0261	', NULL, '	Jaildes Marcia da Silva Farias	', NULL, 0),
(72, '	20162TIJG0030	', NULL, '	Jardel Mendonça da Silva	', NULL, 0),
(73, '	20162TIJG0332	', NULL, '	Jarlene Alves de Bragança	', NULL, 0),
(74, '	20162TIJG0316	', NULL, '	Jessica da Silva Monteiro Estevam	', NULL, 0),
(75, '	20152TIJG0326	', NULL, '	Jhon Marley Nascimento Silva	', NULL, 0),
(76, '	20161TIJG0241	', NULL, '	Joao Victor Carneiro da Silva	', NULL, 0),
(77, '	20152TIJG0474	', 'APA91bHZzq3qSzIvwLg37XxK_9in8jVV_Q4glTJuKFUjAVlVyxBajSsGx7CumQSOdjgfL3GgCqzlyldvJsXjgr4mgf9jG6kEXHdC9Xc0cG0Q2PKGQw-nWbnj60RPfuPPIOADmTRjoJb9\n', '	Jobson Raphael da Silva Ferreira	', NULL, 1),
(78, '	20162TIJG0448	', NULL, '	Johnnys Adson Rodrigues da Silva Martins	', NULL, 0),
(79, '	20161TIJG0233	', NULL, '	Jonas dos Santos Andrade	', NULL, 0),
(80, '	20152TIJG0601	', NULL, '	Jonhnata Felix de Barros	', NULL, 0),
(81, '	20152TIJG0423	', NULL, '	Joran Manoel Santos da Silva	', NULL, 0),
(82, '	20161TIJG0373	', NULL, '	Jorge Luiz Olimpioda Silva	', NULL, 0),
(83, '	20161TIJG0284	', NULL, '	José Alberto de Oliveira Girão Filho	', NULL, 0),
(84, '	20142TIJG0760	', NULL, '	José Renato Maciel Wanderley	', NULL, 0),
(85, '	20152TIJG0296	', NULL, '	Jose Samuel da Silva	', NULL, 0),
(86, '	20162TIJG0472	', NULL, '	Josemario Barbosa Pereira	', NULL, 0),
(87, '	20151TIJG0154	', NULL, '	Juliane M aria da Silva	', NULL, 0),
(88, '	20162TIJG0553	', NULL, '	Kevin Teixeira de Lima	', NULL, 0),
(89, '	20151TIJG0189	', NULL, '	Lays de Souza Lima	', NULL, 0),
(90, '	20161TIJG0012	', NULL, '	Leandro Siqueira Rodrigues	', NULL, 0),
(91, '	20162TIJG0189	', NULL, '	Leonardo Vasconcelo da Silva	', NULL, 0),
(92, '	20152TIJG0580	', NULL, '	Leonilson Eduardo da Silva	', NULL, 0),
(93, '	20152TIJG0105	', NULL, '	Levi Monteiro Xavier Junior	', NULL, 0),
(94, '	20162TIJG0103	', NULL, '	Lucas Bessa Nascimento de Medeiros	', NULL, 0),
(95, '	20162TIJG0529	', NULL, '	Lucas Felipe Silva dos Santos	', NULL, 0),
(96, '	20151TIJG0561	', NULL, '	Lucas Santana Ferreira de Sena	', NULL, 0),
(97, '	20152TIJG0466	', NULL, '	Luiz Augusto Silva de Mendonca	', NULL, 0),
(98, '	20152TIJG0350	', NULL, '	Luiz Carlos Jose da Silva	', NULL, 0),
(99, '	20161TIJG0179	', NULL, '	Marcio Fernandes de Oliveira Filho	', NULL, 0),
(100, '	20161TIJG0101	', NULL, '	Marcone Alberto da Silva Junior	', NULL, 0),
(101, '	20161TIJG0268	', NULL, '	Mayara Lorenna Correia de Farias	', NULL, 0),
(102, '	20162TIJG0626	', NULL, '	Manoel Joaquim da Silva	', NULL, 0),
(103, '	20151TIJG0146	', NULL, '	Marcelo Romão de Amorim Filho	', NULL, 0),
(104, '	20162TIJG0375	', NULL, '	Marcio Carlos Pereira de Oliveira	', NULL, 0),
(105, '	20161TIJG0179	', NULL, '	Marcio Fernandes de Oliveira Filho	', NULL, 0),
(106, '	20161TIJG0101	', NULL, '	Marcone Alberto da Silva Junior	', NULL, 0),
(107, '	20162TIJG0502	', NULL, '	Maria Cristina Pereira da Silva	', NULL, 0),
(108, '	20151TIJG0480	', NULL, '	Maria Eduarda de Lima Pereira	', NULL, 0),
(109, '	20161TIJG0071	', NULL, '	Maria Jaciane Conceiçaõ Santos	', NULL, 0),
(110, '	20162TIJG0308	', NULL, '	Maria Luiza da Conceição Bezerra de Souza	', NULL, 0),
(111, '	20162TIJG0251	', NULL, '	Marilia Graziele da Silva	', NULL, 0),
(112, '	20151TIJG0120	', NULL, '	Marivaldo Bruno Pereira da Silva	', NULL, 0),
(113, '	20162TIJG0642	', NULL, '	Matheus Henrique Nascimento da Silva	', NULL, 0),
(114, '	20152TIJG0504	', 'APA91bHYxWhV5jSbWWLyyl3XQb5tI9fM7Uw6rIZKowdAgZrziDBc85lQ4jth8gZzYJzH6emyHtRMO4vUurqU-n49J1reuX7Pw1LiJq2UZnNdV2R8p5v8glG9AcJhxMAkToTDqe6c63BR', '	Maxwell Michel Siqueira Melo de Lima Araujo	', NULL, 1),
(115, '	20162TIJG0634	', NULL, '	Mikele Guedes Alves de Souza	', NULL, 0),
(116, '	20161TIJG0314	', NULL, '	Moisés de Souza Lins	', NULL, 0),
(117, '	20162TIJG0278	', NULL, '	Monise Cândido da Silva	', NULL, 0),
(118, '	20152TIJG0547	', NULL, '	Myllena Matias da Silva	', NULL, 0),
(119, '	20151TIJG0383	', NULL, '	Natalia Raquel Oliveira da Silva	', NULL, 0),
(120, '	20162TIJG0693	', NULL, '	Nicolau Uiran de Melo Barbosa	', NULL, 0),
(121, '	20162TIJG0197	', NULL, '	Oséias Ferreira da Silva Sobrinho	', NULL, 0),
(122, '	20152TIJG0555	', NULL, '	Otaviano Tome Marques da Silva	', NULL, 0),
(123, '	20151TIJG0073	', NULL, '	Paulo Henrique Brito de Santana	', NULL, 0),
(124, '	20152TIJG0040	', NULL, '	Pedro Henrique da Silva Couto	', NULL, 0),
(125, '	20162TIJG0219	', NULL, '	Paola Francine Zanandreia	', NULL, 0),
(126, '	20162TIJG0359	', NULL, '	Paulo Rodrigues da Silva	', NULL, 0),
(127, '	20152TIJG0040	', NULL, '	Pedro Henrique da Silva Couto	', NULL, 0),
(128, '	20151TIJG0081	', NULL, '	Pedro Henrique Santos Pereira	', NULL, 0),
(129, '	20162TIJG0430	', NULL, '	Pedro Lima Cardozo do Nascimento	', NULL, 0),
(130, '	20162TIJG0073	', NULL, '	Priscila Pedroza da Silva	', NULL, 0),
(131, '	20152TIJG0717	', NULL, '	Rafael Araujo da Silva	', NULL, 0),
(132, '	20142TIJG0808	', NULL, '	Rafael da Silva	', NULL, 0),
(133, '	20162TIJG0600	', NULL, '	Rafaela Silva Nascimento	', NULL, 0),
(134, '	20162TIJG0596	', NULL, '	Raiane Evellen Alves da Silva	', NULL, 0),
(135, '	20152TIJG0334	', NULL, '	Rebeca Priscila da Silva Ferreira	', NULL, 0),
(136, '	20162TIJG0383	', NULL, '	Richardson Bruno da Silva Andrade	', NULL, 0),
(137, '	20151TIJG0391	', NULL, '	Roberto Santana Nogueira Junior	', NULL, 0),
(138, '	20162TIJG0235	', NULL, '	Rodrigo Xavier Coelho	', NULL, 0),
(139, '	20152TIJG0539	', NULL, '	Romildo Alves de Lima Junior	', NULL, 0),
(140, '	20161TIJG0489	', NULL, '	Ruggery Douglas Alves Gusmao	', NULL, 0),
(141, '	20152TIJG0385	', NULL, '	Samuel Camilo do Nascimento Silva	', NULL, 0),
(142, '	20161TIJG0616	', NULL, '	Tamara Micaela da Rocha	', NULL, 0),
(143, '	20152TIJG0644	', NULL, '	Thayane Pereira Lopes da Silva	', NULL, 0),
(144, '	20162TIJG0170	', NULL, '	Thiago de Freitas Souza	', NULL, 0),
(145, '	20151TIJG0049	', NULL, '	Thiago de Sousa Freire	', NULL, 0),
(146, '	20161TIJG0632	', NULL, '	Thiago Rafael de Silva Santana	', NULL, 0),
(147, '	20152TIJG0660	', NULL, '	Tiago Borges Herminio da Silva	', NULL, 0),
(148, '	20151TIJG0022	', NULL, '	Valdenize Maria Luna de Abreu	', NULL, 0),
(149, '	20161TIJG0047	', NULL, '	Vandembergue Bezerra Rodrigues	', NULL, 0),
(150, '	20152TIJG0253	', NULL, '	Vicente Vinicius Rodrigues Cunha	', NULL, 0),
(151, '	20142TIJG0514	', NULL, '	Victor Pereira da Silva	', NULL, 0),
(152, '	20162TIJG0561	', NULL, '	Victor Rafael de Santana	', NULL, 0),
(153, '	20162TIJG0154	', NULL, '	Vinícius Lucas de Santana	', NULL, 0),
(154, '	20142TIJG0778	', NULL, '	Viviane Gomes Bezerra de Azevedo	', NULL, 0),
(155, '	20162TIJG0510	', NULL, '	Walteann Costa da Silva	', NULL, 0),
(156, '	20152TIJG0610	', NULL, '	Wellington Jose da Costa	', NULL, 0),
(157, '	20162TIJG0545	', NULL, '	Wesley Dayvidson Barros da Silva	', NULL, 0),
(158, '	20161TIJG0560	', NULL, '	Wildici Lins de Souza Araújo	', NULL, 0),
(159, '	20161TIJG0276	', NULL, '	William Roberto Andrade da Silva	', NULL, 0),
(160, '	20162TIJG0758	', NULL, '	Yuri Ferreira da Silva	', NULL, 0),
(161, '	20162TIJG0391	', NULL, '	Yuri Lacerda Rodrigues	', NULL, 0);

-- --------------------------------------------------------

--
-- Estrutura da tabela `aluno_disciplina`
--

CREATE TABLE `aluno_disciplina` (
  `disciplina_iddisciplina` int(10) UNSIGNED NOT NULL,
  `aluno_idaluno` int(10) UNSIGNED NOT NULL,
  `idalunodisciplina` int(10) UNSIGNED NOT NULL,
  `disciplinaativo` int(1) UNSIGNED DEFAULT NULL
) ENGINE=InnoDB DEFAULT CHARSET=utf8;

--
-- Extraindo dados da tabela `aluno_disciplina`
--

INSERT INTO `aluno_disciplina` (`disciplina_iddisciplina`, `aluno_idaluno`, `idalunodisciplina`, `disciplinaativo`) VALUES
(1, 101, 1, 0),
(1, 101, 2, 0),
(1, 102, 3, 0),
(1, 103, 4, 0),
(1, 104, 5, 0),
(1, 105, 6, 0),
(1, 106, 7, 0),
(1, 107, 8, 0),
(1, 108, 9, 0),
(1, 109, 10, 0),
(1, 110, 11, 0),
(1, 111, 12, 0),
(1, 112, 13, 0),
(1, 113, 14, 0),
(1, 114, 15, 0),
(1, 115, 16, 0),
(1, 116, 17, 0),
(1, 117, 18, 0),
(1, 118, 19, 0),
(1, 119, 20, 0),
(1, 120, 21, 0),
(1, 121, 22, 0),
(1, 122, 23, 0),
(1, 123, 24, 0),
(1, 124, 25, 0),
(1, 125, 26, 0),
(1, 126, 27, 0),
(1, 127, 28, 0),
(1, 128, 29, 0),
(1, 129, 30, 0),
(1, 130, 31, 0),
(1, 131, 32, 0),
(1, 132, 33, 0),
(1, 133, 34, 0),
(1, 134, 35, 0),
(1, 135, 36, 0),
(1, 136, 37, 0),
(1, 137, 38, 0),
(1, 138, 39, 0),
(1, 139, 40, 0),
(1, 140, 41, 0),
(1, 141, 42, 0),
(1, 142, 43, 0),
(1, 143, 44, 0),
(1, 144, 45, 0),
(1, 145, 46, 0),
(1, 146, 47, 0),
(1, 147, 48, 0),
(1, 148, 49, 0),
(1, 149, 50, 0),
(1, 150, 51, 0),
(1, 151, 52, 0),
(1, 152, 53, 0),
(1, 153, 54, 0),
(1, 154, 55, 0),
(1, 155, 56, 0),
(1, 156, 57, 0),
(1, 157, 58, 0),
(1, 158, 59, 0),
(1, 159, 60, 0),
(1, 160, 61, 0),
(1, 161, 62, 0),
(2, 1, 63, 0),
(2, 2, 64, 0),
(2, 3, 65, 0),
(2, 4, 66, 0),
(2, 5, 67, 0),
(2, 6, 68, 0),
(2, 7, 69, 0),
(2, 8, 70, 0),
(2, 9, 71, 0),
(2, 10, 72, 0),
(2, 11, 73, 0),
(2, 12, 74, 0),
(2, 13, 75, 0),
(2, 14, 76, 0),
(2, 15, 77, 0),
(2, 16, 78, 0),
(2, 17, 79, 0),
(2, 18, 80, 0),
(2, 19, 81, 0),
(2, 20, 82, 0),
(2, 21, 83, 0),
(2, 22, 84, 0),
(2, 23, 85, 0),
(2, 24, 86, 0),
(2, 25, 87, 0),
(2, 26, 88, 0),
(2, 27, 89, 0),
(2, 28, 90, 0),
(2, 29, 91, 0),
(2, 30, 92, 0),
(2, 31, 93, 0),
(2, 32, 94, 0),
(2, 33, 95, 0),
(2, 34, 96, 0),
(2, 35, 97, 0),
(2, 36, 98, 0),
(2, 37, 99, 0),
(2, 38, 100, 0),
(2, 39, 101, 0),
(2, 40, 102, 0),
(2, 41, 103, 0),
(2, 42, 104, 0),
(2, 43, 105, 0),
(2, 44, 106, 0),
(2, 45, 107, 0),
(2, 46, 108, 0),
(2, 47, 109, 0),
(2, 48, 110, 0),
(2, 49, 111, 0),
(2, 50, 112, 0),
(2, 51, 113, 0),
(2, 52, 114, 0),
(2, 53, 115, 0),
(2, 54, 116, 0),
(2, 55, 117, 0),
(2, 56, 118, 0),
(2, 57, 119, 0),
(2, 58, 120, 0),
(2, 59, 121, 0),
(2, 60, 122, 0),
(2, 61, 123, 0),
(2, 62, 124, 0),
(2, 63, 125, 0),
(2, 64, 126, 0),
(2, 65, 127, 0),
(2, 66, 128, 0),
(2, 67, 129, 0),
(2, 68, 130, 0),
(2, 69, 131, 0),
(2, 70, 132, 0),
(2, 71, 133, 0),
(2, 72, 134, 0),
(2, 73, 135, 0),
(2, 74, 136, 0),
(2, 75, 137, 0),
(2, 76, 138, 0),
(2, 77, 139, 0),
(2, 78, 140, 0),
(2, 79, 141, 0),
(2, 80, 142, 0),
(2, 81, 143, 0),
(2, 82, 144, 0),
(2, 83, 145, 0),
(2, 84, 146, 0),
(2, 85, 147, 0),
(2, 86, 148, 0),
(2, 87, 149, 0),
(2, 88, 150, 0),
(2, 89, 151, 0),
(2, 90, 152, 0),
(2, 91, 153, 0),
(2, 92, 154, 0),
(2, 93, 155, 0),
(2, 94, 156, 0),
(2, 95, 157, 0),
(2, 96, 158, 0),
(2, 97, 159, 0),
(2, 98, 160, 0),
(2, 99, 161, 0),
(2, 100, 162, 0),
(2, 101, 163, 0),
(2, 102, 164, 0),
(2, 103, 165, 0),
(2, 104, 166, 0),
(2, 105, 167, 0),
(2, 106, 168, 0),
(2, 107, 169, 0),
(2, 108, 170, 0),
(2, 109, 171, 0),
(2, 110, 172, 0),
(2, 111, 173, 0),
(2, 112, 174, 0),
(2, 113, 175, 0),
(2, 114, 176, 0),
(2, 115, 177, 0),
(2, 116, 178, 0),
(2, 117, 179, 0),
(2, 118, 180, 0),
(2, 119, 181, 0),
(2, 120, 182, 0),
(2, 121, 183, 0),
(2, 122, 184, 0),
(2, 123, 185, 0),
(2, 124, 186, 0),
(2, 125, 187, 0),
(2, 126, 188, 0),
(2, 127, 189, 0),
(2, 128, 190, 0),
(2, 129, 191, 0),
(2, 130, 192, 0),
(2, 131, 193, 0),
(2, 132, 194, 0),
(2, 133, 195, 0),
(2, 134, 196, 0),
(2, 135, 197, 0),
(2, 136, 198, 0),
(2, 137, 199, 0),
(2, 138, 200, 0),
(2, 139, 201, 0),
(2, 140, 202, 0),
(2, 141, 203, 0),
(2, 142, 204, 0),
(2, 143, 205, 0),
(2, 144, 206, 0),
(2, 145, 207, 0),
(2, 146, 208, 0),
(2, 147, 209, 0),
(2, 148, 210, 0),
(2, 149, 211, 0),
(2, 150, 212, 0),
(2, 151, 213, 0),
(2, 152, 214, 0),
(2, 153, 215, 0),
(2, 154, 216, 0),
(2, 155, 217, 0),
(2, 156, 218, 0),
(2, 157, 219, 0),
(2, 158, 220, 0),
(2, 159, 221, 0),
(2, 160, 222, 0),
(2, 161, 223, 0),
(3, 1, 224, 0),
(3, 2, 225, 0),
(3, 3, 226, 0),
(3, 4, 227, 0),
(3, 5, 228, 0),
(3, 6, 229, 0),
(3, 7, 230, 0),
(3, 8, 231, 0),
(3, 9, 232, 0),
(3, 10, 233, 0),
(3, 11, 234, 0),
(3, 12, 235, 0),
(3, 13, 236, 0),
(3, 14, 237, 0),
(3, 15, 238, 0),
(3, 16, 239, 0),
(3, 17, 240, 0),
(3, 18, 241, 0),
(3, 19, 242, 0),
(3, 20, 243, 0),
(3, 21, 244, 0),
(3, 22, 245, 0),
(3, 23, 246, 0),
(3, 24, 247, 0),
(3, 25, 248, 0),
(3, 26, 249, 0),
(3, 27, 250, 0),
(3, 28, 251, 0),
(3, 29, 252, 0),
(3, 30, 253, 0),
(3, 31, 254, 0),
(3, 32, 255, 0),
(3, 33, 256, 0),
(3, 34, 257, 0),
(3, 35, 258, 0),
(3, 36, 259, 0),
(3, 37, 260, 0),
(3, 38, 261, 0),
(3, 39, 262, 0),
(3, 40, 263, 0),
(3, 41, 264, 0),
(3, 42, 265, 0),
(3, 43, 266, 0),
(3, 44, 267, 0),
(3, 45, 268, 0),
(3, 46, 269, 0),
(3, 47, 270, 0),
(3, 48, 271, 0),
(3, 49, 272, 0),
(3, 50, 273, 0),
(3, 51, 274, 0),
(3, 52, 275, 0),
(3, 53, 276, 0),
(3, 54, 277, 0),
(3, 55, 278, 0),
(3, 56, 279, 0),
(3, 57, 280, 0),
(3, 58, 281, 0),
(3, 59, 282, 0),
(3, 60, 283, 0),
(3, 61, 284, 0),
(3, 62, 285, 0),
(3, 63, 286, 0),
(3, 64, 287, 0),
(3, 65, 288, 0),
(3, 66, 289, 0),
(3, 67, 290, 0),
(3, 68, 291, 0),
(3, 69, 292, 0),
(3, 70, 293, 0),
(3, 71, 294, 0),
(3, 72, 295, 0),
(3, 73, 296, 0),
(3, 74, 297, 0),
(3, 75, 298, 0),
(3, 76, 299, 0),
(3, 77, 300, 0),
(3, 78, 301, 0),
(3, 79, 302, 0),
(3, 80, 303, 0),
(3, 81, 304, 0),
(3, 82, 305, 0),
(3, 83, 306, 0),
(3, 84, 307, 0),
(3, 85, 308, 0),
(3, 86, 309, 0),
(3, 87, 310, 0),
(3, 88, 311, 0),
(3, 89, 312, 0),
(3, 90, 313, 0),
(3, 91, 314, 0),
(3, 92, 315, 0),
(3, 93, 316, 0),
(3, 94, 317, 0),
(3, 95, 318, 0),
(3, 96, 319, 0),
(3, 97, 320, 0),
(3, 98, 321, 0),
(3, 99, 322, 0),
(3, 100, 323, 0),
(3, 101, 324, 0),
(3, 102, 325, 0),
(3, 103, 326, 0),
(3, 104, 327, 0),
(3, 105, 328, 0),
(3, 106, 329, 0),
(3, 107, 330, 0),
(3, 108, 331, 0),
(3, 109, 332, 0),
(3, 110, 333, 0),
(3, 111, 334, 0),
(3, 112, 335, 0),
(3, 113, 336, 0),
(3, 114, 337, 0),
(3, 115, 338, 0),
(3, 116, 339, 0),
(3, 117, 340, 0),
(3, 118, 341, 0),
(3, 119, 342, 0),
(3, 120, 343, 0),
(3, 121, 344, 0),
(3, 122, 345, 0),
(3, 123, 346, 0),
(3, 124, 347, 0),
(3, 125, 348, 0),
(3, 126, 349, 0),
(3, 127, 350, 0),
(3, 128, 351, 0),
(3, 129, 352, 0),
(3, 130, 353, 0),
(3, 131, 354, 0),
(3, 132, 355, 0),
(3, 133, 356, 0),
(3, 134, 357, 0),
(3, 135, 358, 0),
(3, 136, 359, 0),
(3, 137, 360, 0),
(3, 138, 361, 0),
(3, 139, 362, 0),
(3, 140, 363, 0),
(3, 141, 364, 0),
(3, 142, 365, 0),
(3, 143, 366, 0),
(3, 144, 367, 0),
(3, 145, 368, 0),
(3, 146, 369, 0),
(3, 147, 370, 0),
(3, 148, 371, 0),
(3, 149, 372, 0),
(3, 150, 373, 0),
(3, 151, 374, 0),
(3, 152, 375, 0),
(3, 153, 376, 0),
(3, 154, 377, 0),
(3, 155, 378, 0),
(3, 156, 379, 0),
(3, 157, 380, 0),
(3, 158, 381, 0),
(3, 159, 382, 0),
(3, 160, 383, 0),
(3, 161, 384, 0),
(4, 1, 385, 0),
(4, 2, 386, 0),
(4, 3, 387, 0),
(4, 4, 388, 0),
(4, 5, 389, 0),
(4, 6, 390, 0),
(4, 7, 391, 0),
(4, 8, 392, 0),
(4, 9, 393, 0),
(4, 10, 394, 0),
(4, 11, 395, 0),
(4, 12, 396, 0),
(4, 13, 397, 0),
(4, 14, 398, 0),
(4, 15, 399, 0),
(4, 16, 400, 0),
(4, 17, 401, 0),
(4, 18, 402, 0),
(4, 19, 403, 0),
(4, 20, 404, 0),
(4, 21, 405, 0),
(4, 22, 406, 0),
(4, 23, 407, 0),
(4, 24, 408, 0),
(4, 25, 409, 0),
(4, 26, 410, 0),
(4, 27, 411, 0),
(4, 28, 412, 0),
(4, 29, 413, 0),
(4, 30, 414, 0),
(4, 31, 415, 0),
(4, 32, 416, 0),
(4, 33, 417, 0),
(4, 34, 418, 0),
(4, 35, 419, 0),
(4, 36, 420, 0),
(4, 37, 421, 0),
(4, 38, 422, 0),
(4, 39, 423, 0),
(4, 40, 424, 0),
(4, 41, 425, 0),
(4, 42, 426, 0),
(4, 43, 427, 0),
(4, 44, 428, 0),
(4, 45, 429, 0),
(4, 46, 430, 0),
(4, 47, 431, 0),
(4, 48, 432, 0),
(4, 49, 433, 0),
(4, 50, 434, 0),
(4, 51, 435, 0),
(4, 52, 436, 0),
(4, 53, 437, 0),
(4, 54, 438, 0),
(4, 55, 439, 0),
(4, 56, 440, 0),
(4, 57, 441, 0),
(4, 58, 442, 0),
(4, 59, 443, 0),
(4, 60, 444, 0),
(4, 61, 445, 0),
(4, 62, 446, 0),
(4, 63, 447, 0),
(4, 64, 448, 0),
(4, 65, 449, 0),
(4, 66, 450, 0),
(4, 67, 451, 0),
(4, 68, 452, 0),
(4, 69, 453, 0),
(4, 70, 454, 0),
(4, 71, 455, 0),
(4, 72, 456, 0),
(4, 73, 457, 0),
(4, 74, 458, 0),
(4, 75, 459, 0),
(4, 76, 460, 0),
(4, 77, 461, 0),
(4, 78, 462, 0),
(4, 79, 463, 0),
(4, 80, 464, 0),
(4, 81, 465, 0),
(4, 82, 466, 0),
(4, 83, 467, 0),
(4, 84, 468, 0),
(4, 85, 469, 0),
(4, 86, 470, 0),
(4, 87, 471, 0),
(4, 88, 472, 0),
(4, 89, 473, 0),
(4, 90, 474, 0),
(4, 91, 475, 0),
(4, 92, 476, 0),
(4, 93, 477, 0),
(4, 94, 478, 0),
(4, 95, 479, 0),
(4, 96, 480, 0),
(4, 97, 481, 0),
(4, 98, 482, 0),
(4, 99, 483, 0),
(4, 100, 484, 0),
(4, 101, 485, 0),
(4, 102, 486, 0),
(4, 103, 487, 0),
(4, 104, 488, 0),
(4, 105, 489, 0),
(4, 106, 490, 0),
(4, 107, 491, 0),
(4, 108, 492, 0),
(4, 109, 493, 0),
(4, 110, 494, 0),
(4, 111, 495, 0),
(4, 112, 496, 0),
(4, 113, 497, 0),
(4, 114, 498, 0),
(4, 115, 499, 0),
(4, 116, 500, 0),
(4, 117, 501, 0),
(4, 118, 502, 0),
(4, 119, 503, 0),
(4, 120, 504, 0),
(4, 121, 505, 0),
(4, 122, 506, 0),
(4, 123, 507, 0),
(4, 124, 508, 0),
(4, 125, 509, 0),
(4, 126, 510, 0),
(4, 127, 511, 0),
(4, 128, 512, 0),
(4, 129, 513, 0),
(4, 130, 514, 0),
(4, 131, 515, 0),
(4, 132, 516, 0),
(4, 133, 517, 0),
(4, 134, 518, 0),
(4, 135, 519, 0),
(4, 136, 520, 0),
(4, 137, 521, 0),
(4, 138, 522, 0),
(4, 139, 523, 0),
(4, 140, 524, 0),
(4, 141, 525, 0),
(4, 142, 526, 0),
(4, 143, 527, 0),
(4, 144, 528, 0),
(4, 145, 529, 0),
(4, 146, 530, 0),
(4, 147, 531, 0),
(4, 148, 532, 0),
(4, 149, 533, 0),
(4, 150, 534, 0),
(4, 151, 535, 0),
(4, 152, 536, 0),
(4, 153, 537, 0),
(4, 154, 538, 0),
(4, 155, 539, 0),
(4, 156, 540, 0),
(4, 157, 541, 0),
(4, 158, 542, 0),
(4, 159, 543, 0),
(4, 160, 544, 0),
(4, 161, 545, 0),
(5, 1, 546, 0),
(5, 2, 547, 0),
(5, 3, 548, 0),
(5, 4, 549, 0),
(5, 5, 550, 0),
(5, 6, 551, 0),
(5, 7, 552, 0),
(5, 8, 553, 0),
(5, 9, 554, 0),
(5, 10, 555, 0),
(5, 11, 556, 0),
(5, 12, 557, 0),
(5, 13, 558, 0),
(5, 14, 559, 0),
(5, 15, 560, 0),
(5, 16, 561, 0),
(5, 17, 562, 0),
(5, 18, 563, 0),
(5, 19, 564, 0),
(5, 20, 565, 0),
(5, 21, 566, 0),
(5, 22, 567, 0),
(5, 23, 568, 0),
(5, 24, 569, 0),
(5, 25, 570, 0),
(5, 26, 571, 0),
(5, 27, 572, 0),
(5, 28, 573, 0),
(5, 29, 574, 0),
(5, 30, 575, 0),
(5, 31, 576, 0),
(5, 32, 577, 0),
(5, 33, 578, 0),
(5, 34, 579, 0),
(5, 35, 580, 0),
(5, 36, 581, 0),
(5, 37, 582, 0),
(5, 38, 583, 0),
(5, 39, 584, 0),
(5, 40, 585, 0),
(5, 41, 586, 0),
(5, 42, 587, 0),
(5, 43, 588, 0),
(5, 44, 589, 0),
(5, 45, 590, 0),
(5, 46, 591, 0),
(5, 47, 592, 0),
(5, 48, 593, 0),
(5, 49, 594, 0),
(5, 50, 595, 0),
(5, 51, 596, 0),
(5, 52, 597, 0),
(5, 53, 598, 0),
(5, 54, 599, 0),
(5, 55, 600, 0),
(5, 56, 601, 0),
(5, 57, 602, 0),
(5, 58, 603, 0),
(5, 59, 604, 0),
(5, 60, 605, 0),
(5, 61, 606, 0),
(5, 62, 607, 0),
(5, 63, 608, 0),
(5, 64, 609, 0),
(5, 65, 610, 0),
(5, 66, 611, 0),
(5, 67, 612, 0),
(5, 68, 613, 0),
(5, 69, 614, 0),
(5, 70, 615, 0),
(5, 71, 616, 0),
(5, 72, 617, 0),
(5, 73, 618, 0),
(5, 74, 619, 0),
(5, 75, 620, 0),
(5, 76, 621, 0),
(5, 77, 622, 0),
(5, 78, 623, 0),
(5, 79, 624, 0),
(5, 80, 625, 0),
(5, 81, 626, 0),
(5, 82, 627, 0),
(5, 83, 628, 0),
(5, 84, 629, 0),
(5, 85, 630, 0),
(5, 86, 631, 0),
(5, 87, 632, 0),
(5, 88, 633, 0),
(5, 89, 634, 0),
(5, 90, 635, 0),
(5, 91, 636, 0),
(5, 92, 637, 0),
(5, 93, 638, 0),
(5, 94, 639, 0),
(5, 95, 640, 0),
(5, 96, 641, 0),
(5, 97, 642, 0),
(5, 98, 643, 0),
(5, 99, 644, 0),
(5, 100, 645, 0),
(5, 101, 646, 0),
(5, 102, 647, 0),
(5, 103, 648, 0),
(5, 104, 649, 0),
(5, 105, 650, 0),
(5, 106, 651, 0),
(5, 107, 652, 0),
(5, 108, 653, 0),
(5, 109, 654, 0),
(5, 110, 655, 0),
(5, 111, 656, 0),
(5, 112, 657, 0),
(5, 113, 658, 0),
(5, 114, 659, 0),
(5, 115, 660, 0),
(5, 116, 661, 0),
(5, 117, 662, 0),
(5, 118, 663, 0),
(5, 119, 664, 0),
(5, 120, 665, 0),
(5, 121, 666, 0),
(5, 122, 667, 0),
(5, 123, 668, 0),
(5, 124, 669, 0),
(5, 125, 670, 0),
(5, 126, 671, 0),
(5, 127, 672, 0),
(5, 128, 673, 0),
(5, 129, 674, 0),
(5, 130, 675, 0),
(5, 131, 676, 0),
(5, 132, 677, 0),
(5, 133, 678, 0),
(5, 134, 679, 0),
(5, 135, 680, 0),
(5, 136, 681, 0),
(5, 137, 682, 0),
(5, 138, 683, 0),
(5, 139, 684, 0),
(5, 140, 685, 0),
(5, 141, 686, 0),
(5, 142, 687, 0),
(5, 143, 688, 0),
(5, 144, 689, 0),
(5, 145, 690, 0),
(5, 146, 691, 0),
(5, 147, 692, 0),
(5, 148, 693, 0),
(5, 149, 694, 0),
(5, 150, 695, 0),
(5, 151, 696, 0),
(5, 152, 697, 0),
(5, 153, 698, 0),
(5, 154, 699, 0),
(5, 155, 700, 0),
(5, 156, 701, 0),
(5, 157, 702, 0),
(5, 158, 703, 0),
(5, 159, 704, 0),
(5, 160, 705, 0),
(5, 161, 706, 0),
(6, 1, 707, 0),
(6, 2, 708, 0),
(6, 3, 709, 0),
(6, 4, 710, 0),
(6, 5, 711, 0),
(6, 6, 712, 0),
(6, 7, 713, 0),
(6, 8, 714, 0),
(6, 9, 715, 0),
(6, 10, 716, 0),
(6, 11, 717, 0),
(6, 12, 718, 0),
(6, 13, 719, 0),
(6, 14, 720, 0),
(6, 15, 721, 0),
(6, 16, 722, 0),
(6, 17, 723, 0),
(6, 18, 724, 0),
(6, 19, 725, 0),
(6, 20, 726, 0),
(6, 21, 727, 0),
(6, 22, 728, 0),
(6, 23, 729, 0),
(6, 24, 730, 0),
(6, 25, 731, 0),
(6, 26, 732, 0),
(6, 27, 733, 0),
(6, 28, 734, 0),
(6, 29, 735, 0),
(6, 30, 736, 0),
(6, 31, 737, 0),
(6, 32, 738, 0),
(6, 33, 739, 0),
(6, 34, 740, 0),
(6, 35, 741, 0),
(6, 36, 742, 0),
(6, 37, 743, 0),
(6, 38, 744, 0),
(6, 39, 745, 0),
(6, 40, 746, 0),
(6, 41, 747, 0),
(6, 42, 748, 0),
(6, 43, 749, 0),
(6, 44, 750, 0),
(6, 45, 751, 0),
(6, 46, 752, 0),
(6, 47, 753, 0),
(6, 48, 754, 0),
(6, 49, 755, 0),
(6, 50, 756, 0),
(6, 51, 757, 0),
(6, 52, 758, 0),
(6, 53, 759, 0),
(6, 54, 760, 0),
(6, 55, 761, 0),
(6, 56, 762, 0),
(6, 57, 763, 0),
(6, 58, 764, 0),
(6, 59, 765, 0),
(6, 60, 766, 0),
(6, 61, 767, 0),
(6, 62, 768, 0),
(6, 63, 769, 0),
(6, 64, 770, 0),
(6, 65, 771, 0),
(6, 66, 772, 0),
(6, 67, 773, 0),
(6, 68, 774, 0),
(6, 69, 775, 0),
(6, 70, 776, 0),
(6, 71, 777, 0),
(6, 72, 778, 0),
(6, 73, 779, 0),
(6, 74, 780, 0),
(6, 75, 781, 0),
(6, 76, 782, 0),
(6, 77, 783, 0),
(6, 78, 784, 0),
(6, 79, 785, 0),
(6, 80, 786, 0),
(6, 81, 787, 0),
(6, 82, 788, 0),
(6, 83, 789, 0),
(6, 84, 790, 0),
(6, 85, 791, 0),
(6, 86, 792, 0),
(6, 87, 793, 0),
(6, 88, 794, 0),
(6, 89, 795, 0),
(6, 90, 796, 0),
(6, 91, 797, 0),
(6, 92, 798, 0),
(6, 93, 799, 0),
(6, 94, 800, 0),
(6, 95, 801, 0),
(6, 96, 802, 0),
(6, 97, 803, 0),
(6, 98, 804, 0),
(6, 99, 805, 0),
(6, 100, 806, 0),
(6, 101, 807, 0),
(6, 102, 808, 0),
(6, 103, 809, 0),
(6, 104, 810, 0),
(6, 105, 811, 0),
(6, 106, 812, 0),
(6, 107, 813, 0),
(6, 108, 814, 0),
(6, 109, 815, 0),
(6, 110, 816, 0),
(6, 111, 817, 0),
(6, 112, 818, 0),
(6, 113, 819, 0),
(6, 114, 820, 0),
(6, 115, 821, 0),
(6, 116, 822, 0),
(6, 117, 823, 0),
(6, 118, 824, 0),
(6, 119, 825, 0),
(6, 120, 826, 0),
(6, 121, 827, 0),
(6, 122, 828, 0),
(6, 123, 829, 0),
(6, 124, 830, 0),
(6, 125, 831, 0),
(6, 126, 832, 0),
(6, 127, 833, 0),
(6, 128, 834, 0),
(6, 129, 835, 0),
(6, 130, 836, 0),
(6, 131, 837, 0),
(6, 132, 838, 0),
(6, 133, 839, 0),
(6, 134, 840, 0),
(6, 135, 841, 0),
(6, 136, 842, 0),
(6, 137, 843, 0),
(6, 138, 844, 0),
(6, 139, 845, 0),
(6, 140, 846, 0),
(6, 141, 847, 0),
(6, 142, 848, 0),
(6, 143, 849, 0),
(6, 144, 850, 0),
(6, 145, 851, 0),
(6, 146, 852, 0),
(6, 147, 853, 0),
(6, 148, 854, 0),
(6, 149, 855, 0),
(6, 150, 856, 0),
(6, 151, 857, 0),
(6, 152, 858, 0),
(6, 153, 859, 0),
(6, 154, 860, 0),
(6, 155, 861, 0),
(6, 156, 862, 0),
(6, 157, 863, 0),
(6, 158, 864, 0),
(6, 159, 865, 0),
(6, 160, 866, 0),
(6, 161, 867, 0),
(7, 1, 868, 0),
(7, 2, 869, 0),
(7, 3, 870, 0),
(7, 4, 871, 0),
(7, 5, 872, 0),
(7, 6, 873, 0),
(7, 7, 874, 0),
(7, 8, 875, 0),
(7, 9, 876, 0),
(7, 10, 877, 0),
(7, 11, 878, 0),
(7, 12, 879, 0),
(7, 13, 880, 0),
(7, 14, 881, 0),
(7, 15, 882, 0),
(7, 16, 883, 0),
(7, 17, 884, 0),
(7, 18, 885, 0),
(7, 19, 886, 0),
(7, 20, 887, 0),
(7, 21, 888, 0),
(7, 22, 889, 0),
(7, 23, 890, 0),
(7, 24, 891, 0),
(7, 25, 892, 0),
(7, 26, 893, 0),
(7, 27, 894, 0),
(7, 28, 895, 0),
(7, 29, 896, 0),
(7, 30, 897, 0),
(7, 31, 898, 0),
(7, 32, 899, 0),
(7, 33, 900, 0),
(7, 34, 901, 0),
(7, 35, 902, 0),
(7, 36, 903, 0),
(7, 37, 904, 0),
(7, 38, 905, 0),
(7, 39, 906, 0),
(7, 40, 907, 0),
(7, 41, 908, 0),
(7, 42, 909, 0),
(7, 43, 910, 0),
(7, 44, 911, 0),
(7, 45, 912, 0),
(7, 46, 913, 0),
(7, 47, 914, 0),
(7, 48, 915, 0),
(7, 49, 916, 0),
(7, 50, 917, 0),
(7, 51, 918, 0),
(7, 52, 919, 0),
(7, 53, 920, 0),
(7, 54, 921, 0),
(7, 55, 922, 0),
(7, 56, 923, 0),
(7, 57, 924, 0),
(7, 58, 925, 0),
(7, 59, 926, 0),
(7, 60, 927, 0),
(7, 61, 928, 0),
(7, 62, 929, 0),
(7, 63, 930, 0),
(7, 64, 931, 0),
(7, 65, 932, 0),
(7, 66, 933, 0),
(7, 67, 934, 0),
(7, 68, 935, 0),
(7, 69, 936, 0),
(7, 70, 937, 0),
(7, 71, 938, 0),
(7, 72, 939, 0),
(7, 73, 940, 0),
(7, 74, 941, 0),
(7, 75, 942, 0),
(7, 76, 943, 0),
(7, 77, 944, 0),
(7, 78, 945, 0),
(7, 79, 946, 0),
(7, 80, 947, 0),
(7, 81, 948, 0),
(7, 82, 949, 0),
(7, 83, 950, 0),
(7, 84, 951, 0),
(7, 85, 952, 0),
(7, 86, 953, 0),
(7, 87, 954, 0),
(7, 88, 955, 0),
(7, 89, 956, 0),
(7, 90, 957, 0),
(7, 91, 958, 0),
(7, 92, 959, 0),
(7, 93, 960, 0),
(7, 94, 961, 0),
(7, 95, 962, 0),
(7, 96, 963, 0),
(7, 97, 964, 0),
(7, 98, 965, 0),
(7, 99, 966, 0),
(7, 100, 967, 0),
(7, 101, 968, 0),
(7, 102, 969, 0),
(7, 103, 970, 0),
(7, 104, 971, 0),
(7, 105, 972, 0),
(7, 106, 973, 0),
(7, 107, 974, 0),
(7, 108, 975, 0),
(7, 109, 976, 0),
(7, 110, 977, 0),
(7, 111, 978, 0),
(7, 112, 979, 0),
(7, 113, 980, 0),
(7, 114, 981, 0),
(7, 115, 982, 0),
(7, 116, 983, 0),
(7, 117, 984, 0),
(7, 118, 985, 0),
(7, 119, 986, 0),
(7, 120, 987, 0),
(7, 121, 988, 0),
(7, 122, 989, 0),
(7, 123, 990, 0),
(7, 124, 991, 0),
(7, 125, 992, 0),
(7, 126, 993, 0),
(7, 127, 994, 0),
(7, 128, 995, 0),
(7, 129, 996, 0),
(7, 130, 997, 0),
(7, 131, 998, 0),
(7, 132, 999, 0),
(7, 133, 1000, 0),
(7, 134, 1001, 0),
(7, 135, 1002, 0),
(7, 136, 1003, 0),
(7, 137, 1004, 0),
(7, 138, 1005, 0),
(7, 139, 1006, 0),
(7, 140, 1007, 0),
(7, 141, 1008, 0),
(7, 142, 1009, 0),
(7, 143, 1010, 0),
(7, 144, 1011, 0),
(7, 145, 1012, 0),
(7, 146, 1013, 0),
(7, 147, 1014, 0),
(7, 148, 1015, 0),
(7, 149, 1016, 0),
(7, 150, 1017, 0),
(7, 151, 1018, 0),
(7, 152, 1019, 0),
(7, 153, 1020, 0),
(7, 154, 1021, 0),
(7, 155, 1022, 0),
(7, 156, 1023, 0),
(7, 157, 1024, 0),
(7, 158, 1025, 0),
(7, 159, 1026, 0),
(7, 160, 1027, 0),
(7, 161, 1028, 0),
(8, 1, 1029, 0),
(8, 2, 1030, 0),
(8, 3, 1031, 0),
(8, 4, 1032, 0),
(8, 5, 1033, 0),
(8, 6, 1034, 0),
(8, 7, 1035, 0),
(8, 8, 1036, 0),
(8, 9, 1037, 0),
(8, 10, 1038, 0),
(8, 11, 1039, 0),
(8, 12, 1040, 0),
(8, 13, 1041, 0),
(8, 14, 1042, 0),
(8, 15, 1043, 0),
(8, 16, 1044, 0),
(8, 17, 1045, 0),
(8, 18, 1046, 0),
(8, 19, 1047, 0),
(8, 20, 1048, 0),
(8, 21, 1049, 0),
(8, 22, 1050, 0),
(8, 23, 1051, 0),
(8, 24, 1052, 0),
(8, 25, 1053, 0),
(8, 26, 1054, 0),
(8, 27, 1055, 0),
(8, 28, 1056, 0),
(8, 29, 1057, 0),
(8, 30, 1058, 0),
(8, 31, 1059, 0),
(8, 32, 1060, 0),
(8, 33, 1061, 0),
(8, 34, 1062, 0),
(8, 35, 1063, 0),
(8, 36, 1064, 0),
(8, 37, 1065, 0),
(8, 38, 1066, 0),
(8, 39, 1067, 0),
(8, 40, 1068, 0),
(8, 41, 1069, 0),
(8, 42, 1070, 0),
(8, 43, 1071, 0),
(8, 44, 1072, 0),
(8, 45, 1073, 0),
(8, 46, 1074, 0),
(8, 47, 1075, 0),
(8, 48, 1076, 0),
(8, 49, 1077, 0),
(8, 50, 1078, 0),
(8, 51, 1079, 0),
(8, 52, 1080, 0),
(8, 53, 1081, 0),
(8, 54, 1082, 0),
(8, 55, 1083, 0),
(8, 56, 1084, 0),
(8, 57, 1085, 0),
(8, 58, 1086, 0),
(8, 59, 1087, 0),
(8, 60, 1088, 0),
(8, 61, 1089, 0),
(8, 62, 1090, 0),
(8, 63, 1091, 0),
(8, 64, 1092, 0),
(8, 65, 1093, 0),
(8, 66, 1094, 0),
(8, 67, 1095, 0),
(8, 68, 1096, 0),
(8, 69, 1097, 0),
(8, 70, 1098, 0),
(8, 71, 1099, 0),
(8, 72, 1100, 0),
(8, 73, 1101, 0),
(8, 74, 1102, 0),
(8, 75, 1103, 0),
(8, 76, 1104, 0),
(8, 77, 1105, 0),
(8, 78, 1106, 0),
(8, 79, 1107, 0),
(8, 80, 1108, 0),
(8, 81, 1109, 0),
(8, 82, 1110, 0),
(8, 83, 1111, 0),
(8, 84, 1112, 0),
(8, 85, 1113, 0),
(8, 86, 1114, 0),
(8, 87, 1115, 0),
(8, 88, 1116, 0),
(8, 89, 1117, 0),
(8, 90, 1118, 0),
(8, 91, 1119, 0),
(8, 92, 1120, 0),
(8, 93, 1121, 0),
(8, 94, 1122, 0),
(8, 95, 1123, 0),
(8, 96, 1124, 0),
(8, 97, 1125, 0),
(8, 98, 1126, 0),
(8, 99, 1127, 0),
(8, 100, 1128, 0),
(8, 101, 1129, 0),
(8, 102, 1130, 0),
(8, 103, 1131, 0),
(8, 104, 1132, 0),
(8, 105, 1133, 0),
(8, 106, 1134, 0),
(8, 107, 1135, 0),
(8, 108, 1136, 0),
(8, 109, 1137, 0),
(8, 110, 1138, 0),
(8, 111, 1139, 0),
(8, 112, 1140, 0),
(8, 113, 1141, 0),
(8, 114, 1142, 0),
(8, 115, 1143, 0),
(8, 116, 1144, 0),
(8, 117, 1145, 0),
(8, 118, 1146, 0),
(8, 119, 1147, 0),
(8, 120, 1148, 0),
(8, 121, 1149, 0),
(8, 122, 1150, 0),
(8, 123, 1151, 0),
(8, 124, 1152, 0),
(8, 125, 1153, 0),
(8, 126, 1154, 0),
(8, 127, 1155, 0),
(8, 128, 1156, 0),
(8, 129, 1157, 0),
(8, 130, 1158, 0),
(8, 131, 1159, 0),
(8, 132, 1160, 0),
(8, 133, 1161, 0),
(8, 134, 1162, 0),
(8, 135, 1163, 0),
(8, 136, 1164, 0),
(8, 137, 1165, 0),
(8, 138, 1166, 0),
(8, 139, 1167, 0),
(8, 140, 1168, 0),
(8, 141, 1169, 0),
(8, 142, 1170, 0),
(8, 143, 1171, 0),
(8, 144, 1172, 0),
(8, 145, 1173, 0),
(8, 146, 1174, 0),
(8, 147, 1175, 0),
(8, 148, 1176, 0),
(8, 149, 1177, 0),
(8, 150, 1178, 0),
(8, 151, 1179, 0),
(8, 152, 1180, 0),
(8, 153, 1181, 0),
(8, 154, 1182, 0),
(8, 155, 1183, 0),
(8, 156, 1184, 0),
(8, 157, 1185, 0),
(8, 158, 1186, 0),
(8, 159, 1187, 0),
(8, 160, 1188, 0),
(8, 161, 1189, 0),
(9, 1, 1190, 0),
(9, 2, 1191, 0),
(9, 3, 1192, 0),
(9, 4, 1193, 0),
(9, 5, 1194, 0),
(9, 6, 1195, 0),
(9, 7, 1196, 0),
(9, 8, 1197, 0),
(9, 9, 1198, 0),
(9, 10, 1199, 0),
(9, 11, 1200, 0),
(9, 12, 1201, 0),
(9, 13, 1202, 0),
(9, 14, 1203, 0),
(9, 15, 1204, 0),
(9, 16, 1205, 0),
(9, 17, 1206, 0),
(9, 18, 1207, 0),
(9, 19, 1208, 0),
(9, 20, 1209, 0),
(9, 21, 1210, 0),
(9, 22, 1211, 0),
(9, 23, 1212, 0),
(9, 24, 1213, 0),
(9, 25, 1214, 0),
(9, 26, 1215, 0),
(9, 27, 1216, 0),
(9, 28, 1217, 0),
(9, 29, 1218, 0),
(9, 30, 1219, 0),
(9, 31, 1220, 0),
(9, 32, 1221, 0),
(9, 33, 1222, 0),
(9, 34, 1223, 0),
(9, 35, 1224, 0),
(9, 36, 1225, 0),
(9, 37, 1226, 0),
(9, 38, 1227, 0),
(9, 39, 1228, 0),
(9, 40, 1229, 0),
(9, 41, 1230, 0),
(9, 42, 1231, 0),
(9, 43, 1232, 0),
(9, 44, 1233, 0),
(9, 45, 1234, 0),
(9, 46, 1235, 0),
(9, 47, 1236, 0),
(9, 48, 1237, 0),
(9, 49, 1238, 0),
(9, 50, 1239, 0),
(9, 51, 1240, 0),
(9, 52, 1241, 0),
(9, 53, 1242, 0),
(9, 54, 1243, 0),
(9, 55, 1244, 0),
(9, 56, 1245, 0),
(9, 57, 1246, 0),
(9, 58, 1247, 0),
(9, 59, 1248, 0),
(9, 60, 1249, 0),
(9, 61, 1250, 0),
(9, 62, 1251, 0),
(9, 63, 1252, 0),
(9, 64, 1253, 0),
(9, 65, 1254, 0),
(9, 66, 1255, 0),
(9, 67, 1256, 0),
(9, 68, 1257, 0),
(9, 69, 1258, 0),
(9, 70, 1259, 0),
(9, 71, 1260, 0),
(9, 72, 1261, 0),
(9, 73, 1262, 0),
(9, 74, 1263, 0),
(9, 75, 1264, 0),
(9, 76, 1265, 0),
(9, 77, 1266, 0),
(9, 78, 1267, 0),
(9, 79, 1268, 0),
(9, 80, 1269, 0),
(9, 81, 1270, 0),
(9, 82, 1271, 0),
(9, 83, 1272, 0),
(9, 84, 1273, 0),
(9, 85, 1274, 0),
(9, 86, 1275, 0),
(9, 87, 1276, 0),
(9, 88, 1277, 0),
(9, 89, 1278, 0),
(9, 90, 1279, 0),
(9, 91, 1280, 0),
(9, 92, 1281, 0),
(9, 93, 1282, 0),
(9, 94, 1283, 0),
(9, 95, 1284, 0),
(9, 96, 1285, 0),
(9, 97, 1286, 0),
(9, 98, 1287, 0),
(9, 99, 1288, 0),
(9, 100, 1289, 0),
(9, 101, 1290, 0),
(9, 102, 1291, 0),
(9, 103, 1292, 0),
(9, 104, 1293, 0),
(9, 105, 1294, 0),
(9, 106, 1295, 0),
(9, 107, 1296, 0),
(9, 108, 1297, 0),
(9, 109, 1298, 0),
(9, 110, 1299, 0),
(9, 111, 1300, 0),
(9, 112, 1301, 0),
(9, 113, 1302, 0),
(9, 114, 1303, 0),
(9, 115, 1304, 0),
(9, 116, 1305, 0),
(9, 117, 1306, 0),
(9, 118, 1307, 0),
(9, 119, 1308, 0),
(9, 120, 1309, 0),
(9, 121, 1310, 0),
(9, 122, 1311, 0),
(9, 123, 1312, 0),
(9, 124, 1313, 0),
(9, 125, 1314, 0),
(9, 126, 1315, 0),
(9, 127, 1316, 0),
(9, 128, 1317, 0),
(9, 129, 1318, 0),
(9, 130, 1319, 0),
(9, 131, 1320, 0),
(9, 132, 1321, 0),
(9, 133, 1322, 0),
(9, 134, 1323, 0),
(9, 135, 1324, 0),
(9, 136, 1325, 0),
(9, 137, 1326, 0),
(9, 138, 1327, 0),
(9, 139, 1328, 0),
(9, 140, 1329, 0),
(9, 141, 1330, 0),
(9, 142, 1331, 0),
(9, 143, 1332, 0),
(9, 144, 1333, 0),
(9, 145, 1334, 0),
(9, 146, 1335, 0),
(9, 147, 1336, 0),
(9, 148, 1337, 0),
(9, 149, 1338, 0),
(9, 150, 1339, 0),
(9, 151, 1340, 0),
(9, 152, 1341, 0),
(9, 153, 1342, 0),
(9, 154, 1343, 0),
(9, 155, 1344, 0),
(9, 156, 1345, 0),
(9, 157, 1346, 0),
(9, 158, 1347, 0),
(9, 159, 1348, 0),
(9, 160, 1349, 0),
(9, 161, 1350, 0),
(10, 1, 1351, 0),
(10, 2, 1352, 0),
(10, 3, 1353, 0),
(10, 4, 1354, 0),
(10, 5, 1355, 0),
(10, 6, 1356, 0),
(10, 7, 1357, 0),
(10, 8, 1358, 0),
(10, 9, 1359, 0),
(10, 10, 1360, 0),
(10, 11, 1361, 0),
(10, 12, 1362, 0),
(10, 13, 1363, 0),
(10, 14, 1364, 0),
(10, 15, 1365, 0),
(10, 16, 1366, 0),
(10, 17, 1367, 0),
(10, 18, 1368, 0),
(10, 19, 1369, 0),
(10, 20, 1370, 0),
(10, 21, 1371, 0),
(10, 22, 1372, 0),
(10, 23, 1373, 0),
(10, 24, 1374, 0),
(10, 25, 1375, 0),
(10, 26, 1376, 0),
(10, 27, 1377, 0),
(10, 28, 1378, 0),
(10, 29, 1379, 0),
(10, 30, 1380, 0),
(10, 31, 1381, 0),
(10, 32, 1382, 0),
(10, 33, 1383, 0),
(10, 34, 1384, 0),
(10, 35, 1385, 0),
(10, 36, 1386, 0),
(10, 37, 1387, 0),
(10, 38, 1388, 0),
(10, 39, 1389, 0),
(10, 40, 1390, 0),
(10, 41, 1391, 0),
(10, 42, 1392, 0),
(10, 43, 1393, 0),
(10, 44, 1394, 0),
(10, 45, 1395, 0),
(10, 46, 1396, 0),
(10, 47, 1397, 0),
(10, 48, 1398, 0),
(10, 49, 1399, 0),
(10, 50, 1400, 0),
(10, 51, 1401, 0),
(10, 52, 1402, 0),
(10, 53, 1403, 0),
(10, 54, 1404, 0),
(10, 55, 1405, 0),
(10, 56, 1406, 0),
(10, 57, 1407, 0),
(10, 58, 1408, 0),
(10, 59, 1409, 0),
(10, 60, 1410, 0),
(10, 61, 1411, 0),
(10, 62, 1412, 0),
(10, 63, 1413, 0),
(10, 64, 1414, 0),
(10, 65, 1415, 0),
(10, 66, 1416, 0),
(10, 67, 1417, 0),
(10, 68, 1418, 0),
(10, 69, 1419, 0),
(10, 70, 1420, 0),
(10, 71, 1421, 0),
(10, 72, 1422, 0),
(10, 73, 1423, 0),
(10, 74, 1424, 0),
(10, 75, 1425, 0),
(10, 76, 1426, 0),
(10, 77, 1427, 0),
(10, 78, 1428, 0),
(10, 79, 1429, 0),
(10, 80, 1430, 0),
(10, 81, 1431, 0),
(10, 82, 1432, 0),
(10, 83, 1433, 0),
(10, 84, 1434, 0),
(10, 85, 1435, 0),
(10, 86, 1436, 0),
(10, 87, 1437, 0),
(10, 88, 1438, 0),
(10, 89, 1439, 0),
(10, 90, 1440, 0),
(10, 91, 1441, 0),
(10, 92, 1442, 0),
(10, 93, 1443, 0),
(10, 94, 1444, 0),
(10, 95, 1445, 0),
(10, 96, 1446, 0),
(10, 97, 1447, 0),
(10, 98, 1448, 0),
(10, 99, 1449, 0),
(10, 100, 1450, 0),
(10, 101, 1451, 0),
(10, 102, 1452, 0),
(10, 103, 1453, 0),
(10, 104, 1454, 0),
(10, 105, 1455, 0),
(10, 106, 1456, 0),
(10, 107, 1457, 0),
(10, 108, 1458, 0),
(10, 109, 1459, 0),
(10, 110, 1460, 0),
(10, 111, 1461, 0),
(10, 112, 1462, 0),
(10, 113, 1463, 0),
(10, 114, 1464, 0),
(10, 115, 1465, 0),
(10, 116, 1466, 0),
(10, 117, 1467, 0),
(10, 118, 1468, 0),
(10, 119, 1469, 0),
(10, 120, 1470, 0),
(10, 121, 1471, 0),
(10, 122, 1472, 0),
(10, 123, 1473, 0),
(10, 124, 1474, 0),
(10, 125, 1475, 0),
(10, 126, 1476, 0),
(10, 127, 1477, 0),
(10, 128, 1478, 0),
(10, 129, 1479, 0),
(10, 130, 1480, 0),
(10, 131, 1481, 0),
(10, 132, 1482, 0),
(10, 133, 1483, 0),
(10, 134, 1484, 0),
(10, 135, 1485, 0),
(10, 136, 1486, 0),
(10, 137, 1487, 0),
(10, 138, 1488, 0),
(10, 139, 1489, 0),
(10, 140, 1490, 0),
(10, 141, 1491, 0),
(10, 142, 1492, 0),
(10, 143, 1493, 0),
(10, 144, 1494, 0),
(10, 145, 1495, 0),
(10, 146, 1496, 0),
(10, 147, 1497, 0),
(10, 148, 1498, 0),
(10, 149, 1499, 0),
(10, 150, 1500, 0),
(10, 151, 1501, 0),
(10, 152, 1502, 0),
(10, 153, 1503, 0),
(10, 154, 1504, 0),
(10, 155, 1505, 0),
(10, 156, 1506, 0),
(10, 157, 1507, 0),
(10, 158, 1508, 0),
(10, 159, 1509, 0),
(10, 160, 1510, 0),
(10, 161, 1511, 0),
(11, 1, 1512, 0),
(11, 2, 1513, 0),
(11, 3, 1514, 0),
(11, 4, 1515, 0),
(11, 5, 1516, 0),
(11, 6, 1517, 0),
(11, 7, 1518, 0),
(11, 8, 1519, 0),
(11, 9, 1520, 0),
(11, 10, 1521, 0),
(11, 11, 1522, 0),
(11, 12, 1523, 0),
(11, 13, 1524, 0),
(11, 14, 1525, 0),
(11, 15, 1526, 0),
(11, 16, 1527, 0),
(11, 17, 1528, 0),
(11, 18, 1529, 0),
(11, 19, 1530, 0),
(11, 20, 1531, 0),
(11, 21, 1532, 0),
(11, 22, 1533, 0),
(11, 23, 1534, 0),
(11, 24, 1535, 0),
(11, 25, 1536, 0),
(11, 26, 1537, 0),
(11, 27, 1538, 0),
(11, 28, 1539, 0),
(11, 29, 1540, 0),
(11, 30, 1541, 0),
(11, 31, 1542, 0),
(11, 32, 1543, 0),
(11, 33, 1544, 0),
(11, 34, 1545, 0),
(11, 35, 1546, 0),
(11, 36, 1547, 0),
(11, 37, 1548, 0),
(11, 38, 1549, 0),
(11, 39, 1550, 0),
(11, 40, 1551, 0),
(11, 41, 1552, 0),
(11, 42, 1553, 0),
(11, 43, 1554, 0),
(11, 44, 1555, 0),
(11, 45, 1556, 0),
(11, 46, 1557, 0),
(11, 47, 1558, 0),
(11, 48, 1559, 0),
(11, 49, 1560, 0),
(11, 50, 1561, 0),
(11, 51, 1562, 0),
(11, 52, 1563, 0),
(11, 53, 1564, 0),
(11, 54, 1565, 0),
(11, 55, 1566, 0),
(11, 56, 1567, 0),
(11, 57, 1568, 0),
(11, 58, 1569, 0),
(11, 59, 1570, 0),
(11, 60, 1571, 0),
(11, 61, 1572, 0),
(11, 62, 1573, 0),
(11, 63, 1574, 0),
(11, 64, 1575, 0),
(11, 65, 1576, 0),
(11, 66, 1577, 0),
(11, 67, 1578, 0),
(11, 68, 1579, 0),
(11, 69, 1580, 0),
(11, 70, 1581, 0),
(11, 71, 1582, 0),
(11, 72, 1583, 0),
(11, 73, 1584, 0),
(11, 74, 1585, 0),
(11, 75, 1586, 0),
(11, 76, 1587, 0),
(11, 77, 1588, 0),
(11, 78, 1589, 0),
(11, 79, 1590, 0),
(11, 80, 1591, 0),
(11, 81, 1592, 0),
(11, 82, 1593, 0),
(11, 83, 1594, 0),
(11, 84, 1595, 0),
(11, 85, 1596, 0),
(11, 86, 1597, 0),
(11, 87, 1598, 0),
(11, 88, 1599, 0),
(11, 89, 1600, 0),
(11, 90, 1601, 0),
(11, 91, 1602, 0),
(11, 92, 1603, 0),
(11, 93, 1604, 0),
(11, 94, 1605, 0),
(11, 95, 1606, 0),
(11, 96, 1607, 0),
(11, 97, 1608, 0),
(11, 98, 1609, 0),
(11, 99, 1610, 0),
(11, 100, 1611, 0),
(11, 101, 1612, 0),
(11, 102, 1613, 0),
(11, 103, 1614, 0),
(11, 104, 1615, 0),
(11, 105, 1616, 0),
(11, 106, 1617, 0),
(11, 107, 1618, 0),
(11, 108, 1619, 0),
(11, 109, 1620, 0),
(11, 110, 1621, 0),
(11, 111, 1622, 0),
(11, 112, 1623, 0),
(11, 113, 1624, 0),
(11, 114, 1625, 0),
(11, 115, 1626, 0),
(11, 116, 1627, 0),
(11, 117, 1628, 0),
(11, 118, 1629, 0),
(11, 119, 1630, 0),
(11, 120, 1631, 0),
(11, 121, 1632, 0),
(11, 122, 1633, 0),
(11, 123, 1634, 0),
(11, 124, 1635, 0),
(11, 125, 1636, 0),
(11, 126, 1637, 0),
(11, 127, 1638, 0),
(11, 128, 1639, 0),
(11, 129, 1640, 0),
(11, 130, 1641, 0),
(11, 131, 1642, 0),
(11, 132, 1643, 0),
(11, 133, 1644, 0),
(11, 134, 1645, 0),
(11, 135, 1646, 0),
(11, 136, 1647, 0),
(11, 137, 1648, 0),
(11, 138, 1649, 0),
(11, 139, 1650, 0),
(11, 140, 1651, 0),
(11, 141, 1652, 0),
(11, 142, 1653, 0),
(11, 143, 1654, 0),
(11, 144, 1655, 0),
(11, 145, 1656, 0),
(11, 146, 1657, 0),
(11, 147, 1658, 0),
(11, 148, 1659, 0),
(11, 149, 1660, 0),
(11, 150, 1661, 0),
(11, 151, 1662, 0),
(11, 152, 1663, 0),
(11, 153, 1664, 0),
(11, 154, 1665, 0),
(11, 155, 1666, 0),
(11, 156, 1667, 0),
(11, 157, 1668, 0),
(11, 158, 1669, 0),
(11, 159, 1670, 0),
(11, 160, 1671, 0),
(11, 161, 1672, 0),
(12, 1, 1673, 0),
(12, 2, 1674, 0),
(12, 3, 1675, 0),
(12, 4, 1676, 0),
(12, 5, 1677, 0),
(12, 6, 1678, 0),
(12, 7, 1679, 0),
(12, 8, 1680, 0),
(12, 9, 1681, 0),
(12, 10, 1682, 0),
(12, 11, 1683, 0),
(12, 12, 1684, 0),
(12, 13, 1685, 0),
(12, 14, 1686, 0),
(12, 15, 1687, 0),
(12, 16, 1688, 0),
(12, 17, 1689, 0),
(12, 18, 1690, 0),
(12, 19, 1691, 0),
(12, 20, 1692, 0),
(12, 21, 1693, 0),
(12, 22, 1694, 0),
(12, 23, 1695, 0),
(12, 24, 1696, 0),
(12, 25, 1697, 0),
(12, 26, 1698, 0),
(12, 27, 1699, 0),
(12, 28, 1700, 0),
(12, 29, 1701, 0),
(12, 30, 1702, 0),
(12, 31, 1703, 0),
(12, 32, 1704, 0),
(12, 33, 1705, 0),
(12, 34, 1706, 0),
(12, 35, 1707, 0),
(12, 36, 1708, 0),
(12, 37, 1709, 0),
(12, 38, 1710, 0),
(12, 39, 1711, 0),
(12, 40, 1712, 0),
(12, 41, 1713, 0),
(12, 42, 1714, 0),
(12, 43, 1715, 0),
(12, 44, 1716, 0),
(12, 45, 1717, 0),
(12, 46, 1718, 0),
(12, 47, 1719, 0),
(12, 48, 1720, 0),
(12, 49, 1721, 0),
(12, 50, 1722, 0),
(12, 51, 1723, 0),
(12, 52, 1724, 0),
(12, 53, 1725, 0),
(12, 54, 1726, 0),
(12, 55, 1727, 0),
(12, 56, 1728, 0),
(12, 57, 1729, 0),
(12, 58, 1730, 0),
(12, 59, 1731, 0),
(12, 60, 1732, 0),
(12, 61, 1733, 0),
(12, 62, 1734, 0),
(12, 63, 1735, 0),
(12, 64, 1736, 0),
(12, 65, 1737, 0),
(12, 66, 1738, 0),
(12, 67, 1739, 0),
(12, 68, 1740, 0),
(12, 69, 1741, 0),
(12, 70, 1742, 0),
(12, 71, 1743, 0),
(12, 72, 1744, 0),
(12, 73, 1745, 0),
(12, 74, 1746, 0),
(12, 75, 1747, 0),
(12, 76, 1748, 0),
(12, 77, 1749, 0),
(12, 78, 1750, 0),
(12, 79, 1751, 0),
(12, 80, 1752, 0),
(12, 81, 1753, 0),
(12, 82, 1754, 0),
(12, 83, 1755, 0),
(12, 84, 1756, 0),
(12, 85, 1757, 0),
(12, 86, 1758, 0),
(12, 87, 1759, 0),
(12, 88, 1760, 0),
(12, 89, 1761, 0),
(12, 90, 1762, 0),
(12, 91, 1763, 0),
(12, 92, 1764, 0),
(12, 93, 1765, 0),
(12, 94, 1766, 0),
(12, 95, 1767, 0),
(12, 96, 1768, 0),
(12, 97, 1769, 0),
(12, 98, 1770, 0),
(12, 99, 1771, 0),
(12, 100, 1772, 0),
(12, 101, 1773, 0),
(12, 102, 1774, 0),
(12, 103, 1775, 0),
(12, 104, 1776, 0),
(12, 105, 1777, 0),
(12, 106, 1778, 0),
(12, 107, 1779, 0),
(12, 108, 1780, 0),
(12, 109, 1781, 0),
(12, 110, 1782, 0),
(12, 111, 1783, 0),
(12, 112, 1784, 0),
(12, 113, 1785, 0),
(12, 114, 1786, 0),
(12, 115, 1787, 0),
(12, 116, 1788, 0),
(12, 117, 1789, 0),
(12, 118, 1790, 0),
(12, 119, 1791, 0),
(12, 120, 1792, 0),
(12, 121, 1793, 0),
(12, 122, 1794, 0),
(12, 123, 1795, 0),
(12, 124, 1796, 0),
(12, 125, 1797, 0),
(12, 126, 1798, 0),
(12, 127, 1799, 0),
(12, 128, 1800, 0),
(12, 129, 1801, 0),
(12, 130, 1802, 0),
(12, 131, 1803, 0),
(12, 132, 1804, 0),
(12, 133, 1805, 0),
(12, 134, 1806, 0),
(12, 135, 1807, 0),
(12, 136, 1808, 0),
(12, 137, 1809, 0),
(12, 138, 1810, 0),
(12, 139, 1811, 0),
(12, 140, 1812, 0),
(12, 141, 1813, 0),
(12, 142, 1814, 0),
(12, 143, 1815, 0),
(12, 144, 1816, 0),
(12, 145, 1817, 0),
(12, 146, 1818, 0),
(12, 147, 1819, 0),
(12, 148, 1820, 0),
(12, 149, 1821, 0),
(12, 150, 1822, 0),
(12, 151, 1823, 0),
(12, 152, 1824, 0),
(12, 153, 1825, 0),
(12, 154, 1826, 0),
(12, 155, 1827, 0),
(12, 156, 1828, 0),
(12, 157, 1829, 0),
(12, 158, 1830, 0),
(12, 159, 1831, 0),
(12, 160, 1832, 0),
(12, 161, 1833, 0),
(13, 1, 1834, 0),
(13, 2, 1835, 0),
(13, 3, 1836, 0),
(13, 4, 1837, 0),
(13, 5, 1838, 0),
(13, 6, 1839, 0),
(13, 7, 1840, 0),
(13, 8, 1841, 0),
(13, 9, 1842, 0),
(13, 10, 1843, 0),
(13, 11, 1844, 0),
(13, 12, 1845, 0),
(13, 13, 1846, 0),
(13, 14, 1847, 0),
(13, 15, 1848, 0),
(13, 16, 1849, 0),
(13, 17, 1850, 0),
(13, 18, 1851, 0),
(13, 19, 1852, 0),
(13, 20, 1853, 0),
(13, 21, 1854, 0),
(13, 22, 1855, 0),
(13, 23, 1856, 0),
(13, 24, 1857, 0),
(13, 25, 1858, 0),
(13, 26, 1859, 0),
(13, 27, 1860, 0),
(13, 28, 1861, 0),
(13, 29, 1862, 0),
(13, 30, 1863, 0),
(13, 31, 1864, 0),
(13, 32, 1865, 0),
(13, 33, 1866, 0),
(13, 34, 1867, 0),
(13, 35, 1868, 0),
(13, 36, 1869, 0),
(13, 37, 1870, 0),
(13, 38, 1871, 0),
(13, 39, 1872, 0),
(13, 40, 1873, 0),
(13, 41, 1874, 0),
(13, 42, 1875, 0),
(13, 43, 1876, 0),
(13, 44, 1877, 0),
(13, 45, 1878, 0),
(13, 46, 1879, 0),
(13, 47, 1880, 0),
(13, 48, 1881, 0),
(13, 49, 1882, 0),
(13, 50, 1883, 0),
(13, 51, 1884, 0),
(13, 52, 1885, 0),
(13, 53, 1886, 0),
(13, 54, 1887, 0),
(13, 55, 1888, 0),
(13, 56, 1889, 0),
(13, 57, 1890, 0),
(13, 58, 1891, 0),
(13, 59, 1892, 0),
(13, 60, 1893, 0),
(13, 61, 1894, 0),
(13, 62, 1895, 0),
(13, 63, 1896, 0),
(13, 64, 1897, 0),
(13, 65, 1898, 0),
(13, 66, 1899, 0),
(13, 67, 1900, 0),
(13, 68, 1901, 0),
(13, 69, 1902, 0),
(13, 70, 1903, 0),
(13, 71, 1904, 0),
(13, 72, 1905, 0),
(13, 73, 1906, 0),
(13, 74, 1907, 0),
(13, 75, 1908, 0),
(13, 76, 1909, 0),
(13, 77, 1910, 0),
(13, 78, 1911, 0),
(13, 79, 1912, 0),
(13, 80, 1913, 0),
(13, 81, 1914, 0),
(13, 82, 1915, 0),
(13, 83, 1916, 0),
(13, 84, 1917, 0),
(13, 85, 1918, 0),
(13, 86, 1919, 0),
(13, 87, 1920, 0),
(13, 88, 1921, 0),
(13, 89, 1922, 0),
(13, 90, 1923, 0),
(13, 91, 1924, 0),
(13, 92, 1925, 0),
(13, 93, 1926, 0),
(13, 94, 1927, 0),
(13, 95, 1928, 0),
(13, 96, 1929, 0),
(13, 97, 1930, 0),
(13, 98, 1931, 0),
(13, 99, 1932, 0),
(13, 100, 1933, 0),
(13, 101, 1934, 0),
(13, 102, 1935, 0),
(13, 103, 1936, 0),
(13, 104, 1937, 0),
(13, 105, 1938, 0),
(13, 106, 1939, 0),
(13, 107, 1940, 0),
(13, 108, 1941, 0),
(13, 109, 1942, 0),
(13, 110, 1943, 0),
(13, 111, 1944, 0),
(13, 112, 1945, 0),
(13, 113, 1946, 0),
(13, 114, 1947, 0),
(13, 115, 1948, 0),
(13, 116, 1949, 0),
(13, 117, 1950, 0),
(13, 118, 1951, 0),
(13, 119, 1952, 0),
(13, 120, 1953, 0),
(13, 121, 1954, 0),
(13, 122, 1955, 0),
(13, 123, 1956, 0),
(13, 124, 1957, 0),
(13, 125, 1958, 0),
(13, 126, 1959, 0),
(13, 127, 1960, 0),
(13, 128, 1961, 0),
(13, 129, 1962, 0),
(13, 130, 1963, 0),
(13, 131, 1964, 0),
(13, 132, 1965, 0),
(13, 133, 1966, 0),
(13, 134, 1967, 0),
(13, 135, 1968, 0),
(13, 136, 1969, 0),
(13, 137, 1970, 0),
(13, 138, 1971, 0),
(13, 139, 1972, 0),
(13, 140, 1973, 0),
(13, 141, 1974, 0),
(13, 142, 1975, 0),
(13, 143, 1976, 0),
(13, 144, 1977, 0),
(13, 145, 1978, 0),
(13, 146, 1979, 0),
(13, 147, 1980, 0),
(13, 148, 1981, 0),
(13, 149, 1982, 0),
(13, 150, 1983, 0),
(13, 151, 1984, 0),
(13, 152, 1985, 0),
(13, 153, 1986, 0),
(13, 154, 1987, 0),
(13, 155, 1988, 0),
(13, 156, 1989, 0),
(13, 157, 1990, 0),
(13, 158, 1991, 0),
(13, 159, 1992, 0),
(13, 160, 1993, 0),
(13, 161, 1994, 0),
(14, 1, 1995, 0),
(14, 2, 1996, 0),
(14, 3, 1997, 0),
(14, 4, 1998, 0),
(14, 5, 1999, 0),
(14, 6, 2000, 0),
(14, 7, 2001, 0),
(14, 8, 2002, 0),
(14, 9, 2003, 0),
(14, 10, 2004, 0),
(14, 11, 2005, 0),
(14, 12, 2006, 0),
(14, 13, 2007, 0),
(14, 14, 2008, 0),
(14, 15, 2009, 0),
(14, 16, 2010, 0),
(14, 17, 2011, 0),
(14, 18, 2012, 0),
(14, 19, 2013, 0),
(14, 20, 2014, 0),
(14, 21, 2015, 0),
(14, 22, 2016, 0),
(14, 23, 2017, 0),
(14, 24, 2018, 0),
(14, 25, 2019, 0),
(14, 26, 2020, 0),
(14, 27, 2021, 0),
(14, 28, 2022, 0),
(14, 29, 2023, 0),
(14, 30, 2024, 0),
(14, 31, 2025, 0),
(14, 32, 2026, 0),
(14, 33, 2027, 0),
(14, 34, 2028, 0),
(14, 35, 2029, 0),
(14, 36, 2030, 0),
(14, 37, 2031, 0),
(14, 38, 2032, 0),
(14, 39, 2033, 0),
(14, 40, 2034, 0),
(14, 41, 2035, 0),
(14, 42, 2036, 0),
(14, 43, 2037, 0),
(14, 44, 2038, 0),
(14, 45, 2039, 0),
(14, 46, 2040, 0),
(14, 47, 2041, 0),
(14, 48, 2042, 0),
(14, 49, 2043, 0),
(14, 50, 2044, 0),
(14, 51, 2045, 0),
(14, 52, 2046, 0),
(14, 53, 2047, 0),
(14, 54, 2048, 0),
(14, 55, 2049, 0),
(14, 56, 2050, 0),
(14, 57, 2051, 0),
(14, 58, 2052, 0),
(14, 59, 2053, 0),
(14, 60, 2054, 0),
(14, 61, 2055, 0),
(14, 62, 2056, 0),
(14, 63, 2057, 0),
(14, 64, 2058, 0),
(14, 65, 2059, 0),
(14, 66, 2060, 0),
(14, 67, 2061, 0),
(14, 68, 2062, 0),
(14, 69, 2063, 0),
(14, 70, 2064, 0),
(14, 71, 2065, 0),
(14, 72, 2066, 0),
(14, 73, 2067, 0),
(14, 74, 2068, 0),
(14, 75, 2069, 0),
(14, 76, 2070, 0),
(14, 77, 2071, 0),
(14, 78, 2072, 0),
(14, 79, 2073, 0),
(14, 80, 2074, 0),
(14, 81, 2075, 0),
(14, 82, 2076, 0),
(14, 83, 2077, 0),
(14, 84, 2078, 0),
(14, 85, 2079, 0),
(14, 86, 2080, 0),
(14, 87, 2081, 0),
(14, 88, 2082, 0),
(14, 89, 2083, 0),
(14, 90, 2084, 0),
(14, 91, 2085, 0),
(14, 92, 2086, 0),
(14, 93, 2087, 0),
(14, 94, 2088, 0),
(14, 95, 2089, 0),
(14, 96, 2090, 0),
(14, 97, 2091, 0),
(14, 98, 2092, 0),
(14, 99, 2093, 0),
(14, 100, 2094, 0),
(14, 101, 2095, 0),
(14, 102, 2096, 0),
(14, 103, 2097, 0),
(14, 104, 2098, 0),
(14, 105, 2099, 0),
(14, 106, 2100, 0),
(14, 107, 2101, 0),
(14, 108, 2102, 0),
(14, 109, 2103, 0),
(14, 110, 2104, 0),
(14, 111, 2105, 0),
(14, 112, 2106, 0),
(14, 113, 2107, 0),
(14, 114, 2108, 0),
(14, 115, 2109, 0),
(14, 116, 2110, 0),
(14, 117, 2111, 0),
(14, 118, 2112, 0),
(14, 119, 2113, 0),
(14, 120, 2114, 0),
(14, 121, 2115, 0),
(14, 122, 2116, 0),
(14, 123, 2117, 0),
(14, 124, 2118, 0),
(14, 125, 2119, 0),
(14, 126, 2120, 0),
(14, 127, 2121, 0),
(14, 128, 2122, 0),
(14, 129, 2123, 0),
(14, 130, 2124, 0),
(14, 131, 2125, 0),
(14, 132, 2126, 0),
(14, 133, 2127, 0),
(14, 134, 2128, 0),
(14, 135, 2129, 0),
(14, 136, 2130, 0),
(14, 137, 2131, 0),
(14, 138, 2132, 0),
(14, 139, 2133, 0),
(14, 140, 2134, 0),
(14, 141, 2135, 0),
(14, 142, 2136, 0),
(14, 143, 2137, 0),
(14, 144, 2138, 0),
(14, 145, 2139, 0),
(14, 146, 2140, 0),
(14, 147, 2141, 0),
(14, 148, 2142, 0),
(14, 149, 2143, 0),
(14, 150, 2144, 0),
(14, 151, 2145, 0),
(14, 152, 2146, 0),
(14, 153, 2147, 0),
(14, 154, 2148, 0),
(14, 155, 2149, 0),
(14, 156, 2150, 0),
(14, 157, 2151, 0),
(14, 158, 2152, 0),
(14, 159, 2153, 0),
(14, 160, 2154, 0),
(14, 161, 2155, 0),
(15, 1, 2156, 0),
(15, 2, 2157, 0),
(15, 3, 2158, 0),
(15, 4, 2159, 0),
(15, 5, 2160, 0),
(15, 6, 2161, 0),
(15, 7, 2162, 0),
(15, 8, 2163, 0),
(15, 9, 2164, 0),
(15, 10, 2165, 0),
(15, 11, 2166, 0),
(15, 12, 2167, 0),
(15, 13, 2168, 0),
(15, 14, 2169, 0),
(15, 15, 2170, 0),
(15, 16, 2171, 0),
(15, 17, 2172, 0),
(15, 18, 2173, 0),
(15, 19, 2174, 0),
(15, 20, 2175, 0),
(15, 21, 2176, 0),
(15, 22, 2177, 0),
(15, 23, 2178, 0),
(15, 24, 2179, 0),
(15, 25, 2180, 0),
(15, 26, 2181, 0),
(15, 27, 2182, 0),
(15, 28, 2183, 0),
(15, 29, 2184, 0),
(15, 30, 2185, 0),
(15, 31, 2186, 0),
(15, 32, 2187, 0),
(15, 33, 2188, 0),
(15, 34, 2189, 0),
(15, 35, 2190, 0),
(15, 36, 2191, 0),
(15, 37, 2192, 0),
(15, 38, 2193, 0),
(15, 39, 2194, 0),
(15, 40, 2195, 0),
(15, 41, 2196, 0),
(15, 42, 2197, 0),
(15, 43, 2198, 0),
(15, 44, 2199, 0),
(15, 45, 2200, 0),
(15, 46, 2201, 0),
(15, 47, 2202, 0),
(15, 48, 2203, 0),
(15, 49, 2204, 0),
(15, 50, 2205, 0),
(15, 51, 2206, 0),
(15, 52, 2207, 0),
(15, 53, 2208, 0),
(15, 54, 2209, 0),
(15, 55, 2210, 0),
(15, 56, 2211, 0),
(15, 57, 2212, 0),
(15, 58, 2213, 0),
(15, 59, 2214, 0),
(15, 60, 2215, 0),
(15, 61, 2216, 0),
(15, 62, 2217, 0),
(15, 63, 2218, 0),
(15, 64, 2219, 0),
(15, 65, 2220, 0),
(15, 66, 2221, 0),
(15, 67, 2222, 0),
(15, 68, 2223, 0),
(15, 69, 2224, 0),
(15, 70, 2225, 0),
(15, 71, 2226, 0),
(15, 72, 2227, 0),
(15, 73, 2228, 0),
(15, 74, 2229, 0),
(15, 75, 2230, 0),
(15, 76, 2231, 0),
(15, 77, 2232, 0),
(15, 78, 2233, 0),
(15, 79, 2234, 0),
(15, 80, 2235, 0),
(15, 81, 2236, 0),
(15, 82, 2237, 0),
(15, 83, 2238, 0),
(15, 84, 2239, 0),
(15, 85, 2240, 0),
(15, 86, 2241, 0),
(15, 87, 2242, 0),
(15, 88, 2243, 0),
(15, 89, 2244, 0),
(15, 90, 2245, 0),
(15, 91, 2246, 0),
(15, 92, 2247, 0),
(15, 93, 2248, 0),
(15, 94, 2249, 0),
(15, 95, 2250, 0),
(15, 96, 2251, 0),
(15, 97, 2252, 0),
(15, 98, 2253, 0),
(15, 99, 2254, 0),
(15, 100, 2255, 0),
(15, 101, 2256, 0),
(15, 102, 2257, 0),
(15, 103, 2258, 0),
(15, 104, 2259, 0),
(15, 105, 2260, 0),
(15, 106, 2261, 0),
(15, 107, 2262, 0),
(15, 108, 2263, 0),
(15, 109, 2264, 0),
(15, 110, 2265, 0),
(15, 111, 2266, 0),
(15, 112, 2267, 0),
(15, 113, 2268, 0),
(15, 114, 2269, 0),
(15, 115, 2270, 0),
(15, 116, 2271, 0),
(15, 117, 2272, 0),
(15, 118, 2273, 0),
(15, 119, 2274, 0),
(15, 120, 2275, 0),
(15, 121, 2276, 0),
(15, 122, 2277, 0),
(15, 123, 2278, 0),
(15, 124, 2279, 0),
(15, 125, 2280, 0),
(15, 126, 2281, 0),
(15, 127, 2282, 0),
(15, 128, 2283, 0),
(15, 129, 2284, 0),
(15, 130, 2285, 0),
(15, 131, 2286, 0),
(15, 132, 2287, 0),
(15, 133, 2288, 0),
(15, 134, 2289, 0),
(15, 135, 2290, 0),
(15, 136, 2291, 0),
(15, 137, 2292, 0),
(15, 138, 2293, 0),
(15, 139, 2294, 0),
(15, 140, 2295, 0),
(15, 141, 2296, 0),
(15, 142, 2297, 0),
(15, 143, 2298, 0),
(15, 144, 2299, 0),
(15, 145, 2300, 0),
(15, 146, 2301, 0),
(15, 147, 2302, 0),
(15, 148, 2303, 0),
(15, 149, 2304, 0),
(15, 150, 2305, 0),
(15, 151, 2306, 0),
(15, 152, 2307, 0),
(15, 153, 2308, 0),
(15, 154, 2309, 0),
(15, 155, 2310, 0),
(15, 156, 2311, 0),
(15, 157, 2312, 0),
(15, 158, 2313, 0),
(15, 159, 2314, 0),
(15, 160, 2315, 0),
(15, 161, 2316, 0),
(16, 1, 2317, 0),
(16, 2, 2318, 0),
(16, 3, 2319, 0),
(16, 4, 2320, 0),
(16, 5, 2321, 0),
(16, 6, 2322, 0),
(16, 7, 2323, 0),
(16, 8, 2324, 0),
(16, 9, 2325, 0),
(16, 10, 2326, 0),
(16, 11, 2327, 0),
(16, 12, 2328, 0),
(16, 13, 2329, 0),
(16, 14, 2330, 0),
(16, 15, 2331, 0),
(16, 16, 2332, 0),
(16, 17, 2333, 0),
(16, 18, 2334, 0),
(16, 19, 2335, 0),
(16, 20, 2336, 0),
(16, 21, 2337, 0),
(16, 22, 2338, 0),
(16, 23, 2339, 0),
(16, 24, 2340, 0),
(16, 25, 2341, 0),
(16, 26, 2342, 0),
(16, 27, 2343, 0),
(16, 28, 2344, 0),
(16, 29, 2345, 0),
(16, 30, 2346, 0),
(16, 31, 2347, 0),
(16, 32, 2348, 0),
(16, 33, 2349, 0),
(16, 34, 2350, 0),
(16, 35, 2351, 0),
(16, 36, 2352, 0),
(16, 37, 2353, 0),
(16, 38, 2354, 0),
(16, 39, 2355, 0),
(16, 40, 2356, 0),
(16, 41, 2357, 0),
(16, 42, 2358, 0),
(16, 43, 2359, 0),
(16, 44, 2360, 0),
(16, 45, 2361, 0),
(16, 46, 2362, 0),
(16, 47, 2363, 0),
(16, 48, 2364, 0),
(16, 49, 2365, 0),
(16, 50, 2366, 0),
(16, 51, 2367, 0),
(16, 52, 2368, 0),
(16, 53, 2369, 0),
(16, 54, 2370, 0),
(16, 55, 2371, 0),
(16, 56, 2372, 0),
(16, 57, 2373, 0),
(16, 58, 2374, 0),
(16, 59, 2375, 0),
(16, 60, 2376, 0),
(16, 61, 2377, 0),
(16, 62, 2378, 0),
(16, 63, 2379, 0),
(16, 64, 2380, 0),
(16, 65, 2381, 0),
(16, 66, 2382, 0),
(16, 67, 2383, 0),
(16, 68, 2384, 0),
(16, 69, 2385, 0),
(16, 70, 2386, 0),
(16, 71, 2387, 0),
(16, 72, 2388, 0),
(16, 73, 2389, 0),
(16, 74, 2390, 0),
(16, 75, 2391, 0),
(16, 76, 2392, 0),
(16, 77, 2393, 0),
(16, 78, 2394, 0),
(16, 79, 2395, 0),
(16, 80, 2396, 0),
(16, 81, 2397, 0),
(16, 82, 2398, 0),
(16, 83, 2399, 0),
(16, 84, 2400, 0),
(16, 85, 2401, 0),
(16, 86, 2402, 0),
(16, 87, 2403, 0),
(16, 88, 2404, 0),
(16, 89, 2405, 0),
(16, 90, 2406, 0),
(16, 91, 2407, 0),
(16, 92, 2408, 0),
(16, 93, 2409, 0),
(16, 94, 2410, 0),
(16, 95, 2411, 0),
(16, 96, 2412, 0),
(16, 97, 2413, 0),
(16, 98, 2414, 0),
(16, 99, 2415, 0),
(16, 100, 2416, 0),
(16, 101, 2417, 0),
(16, 102, 2418, 0),
(16, 103, 2419, 0),
(16, 104, 2420, 0),
(16, 105, 2421, 0),
(16, 106, 2422, 0),
(16, 107, 2423, 0),
(16, 108, 2424, 0),
(16, 109, 2425, 0),
(16, 110, 2426, 0),
(16, 111, 2427, 0),
(16, 112, 2428, 0),
(16, 113, 2429, 0),
(16, 114, 2430, 0),
(16, 115, 2431, 0),
(16, 116, 2432, 0),
(16, 117, 2433, 0),
(16, 118, 2434, 0),
(16, 119, 2435, 0),
(16, 120, 2436, 0),
(16, 121, 2437, 0),
(16, 122, 2438, 0),
(16, 123, 2439, 0),
(16, 124, 2440, 0),
(16, 125, 2441, 0),
(16, 126, 2442, 0),
(16, 127, 2443, 0),
(16, 128, 2444, 0),
(16, 129, 2445, 0),
(16, 130, 2446, 0),
(16, 131, 2447, 0),
(16, 132, 2448, 0),
(16, 133, 2449, 0),
(16, 134, 2450, 0),
(16, 135, 2451, 0),
(16, 136, 2452, 0),
(16, 137, 2453, 0),
(16, 138, 2454, 0),
(16, 139, 2455, 0),
(16, 140, 2456, 0),
(16, 141, 2457, 0),
(16, 142, 2458, 0),
(16, 143, 2459, 0),
(16, 144, 2460, 0),
(16, 145, 2461, 0),
(16, 146, 2462, 0),
(16, 147, 2463, 0),
(16, 148, 2464, 0),
(16, 149, 2465, 0),
(16, 150, 2466, 0),
(16, 151, 2467, 0),
(16, 152, 2468, 0),
(16, 153, 2469, 0),
(16, 154, 2470, 0),
(16, 155, 2471, 0),
(16, 156, 2472, 0),
(16, 157, 2473, 0),
(16, 158, 2474, 0),
(16, 159, 2475, 0),
(16, 160, 2476, 0),
(16, 161, 2477, 0),
(17, 1, 2478, 0),
(17, 2, 2479, 0),
(17, 3, 2480, 0),
(17, 4, 2481, 0),
(17, 5, 2482, 0),
(17, 6, 2483, 0),
(17, 7, 2484, 0),
(17, 8, 2485, 0),
(17, 9, 2486, 0),
(17, 10, 2487, 0),
(17, 11, 2488, 0),
(17, 12, 2489, 0),
(17, 13, 2490, 0),
(17, 14, 2491, 0),
(17, 15, 2492, 0),
(17, 16, 2493, 0),
(17, 17, 2494, 0),
(17, 18, 2495, 0),
(17, 19, 2496, 0),
(17, 20, 2497, 0),
(17, 21, 2498, 0),
(17, 22, 2499, 0),
(17, 23, 2500, 0),
(17, 24, 2501, 0),
(17, 25, 2502, 0),
(17, 26, 2503, 0),
(17, 27, 2504, 0),
(17, 28, 2505, 0),
(17, 29, 2506, 0),
(17, 30, 2507, 0),
(17, 31, 2508, 0),
(17, 32, 2509, 0),
(17, 33, 2510, 0),
(17, 34, 2511, 0),
(17, 35, 2512, 0),
(17, 36, 2513, 0),
(17, 37, 2514, 0),
(17, 38, 2515, 0),
(17, 39, 2516, 0),
(17, 40, 2517, 0),
(17, 41, 2518, 0),
(17, 42, 2519, 0),
(17, 43, 2520, 0),
(17, 44, 2521, 0),
(17, 45, 2522, 0),
(17, 46, 2523, 0),
(17, 47, 2524, 0),
(17, 48, 2525, 0),
(17, 49, 2526, 0),
(17, 50, 2527, 0),
(17, 51, 2528, 0),
(17, 52, 2529, 0),
(17, 53, 2530, 0),
(17, 54, 2531, 0),
(17, 55, 2532, 0),
(17, 56, 2533, 0),
(17, 57, 2534, 0),
(17, 58, 2535, 0),
(17, 59, 2536, 0),
(17, 60, 2537, 0),
(17, 61, 2538, 0),
(17, 62, 2539, 0),
(17, 63, 2540, 0),
(17, 64, 2541, 0),
(17, 65, 2542, 0),
(17, 66, 2543, 0),
(17, 67, 2544, 0),
(17, 68, 2545, 0),
(17, 69, 2546, 0),
(17, 70, 2547, 0),
(17, 71, 2548, 0),
(17, 72, 2549, 0),
(17, 73, 2550, 0),
(17, 74, 2551, 0),
(17, 75, 2552, 0),
(17, 76, 2553, 0),
(17, 77, 2554, 0),
(17, 78, 2555, 0),
(17, 79, 2556, 0),
(17, 80, 2557, 0),
(17, 81, 2558, 0),
(17, 82, 2559, 0),
(17, 83, 2560, 0),
(17, 84, 2561, 0),
(17, 85, 2562, 0),
(17, 86, 2563, 0),
(17, 87, 2564, 0),
(17, 88, 2565, 0),
(17, 89, 2566, 0),
(17, 90, 2567, 0),
(17, 91, 2568, 0),
(17, 92, 2569, 0),
(17, 93, 2570, 0),
(17, 94, 2571, 0),
(17, 95, 2572, 0),
(17, 96, 2573, 0),
(17, 97, 2574, 0),
(17, 98, 2575, 0),
(17, 99, 2576, 0),
(17, 100, 2577, 0),
(17, 101, 2578, 0),
(17, 102, 2579, 0),
(17, 103, 2580, 0),
(17, 104, 2581, 0),
(17, 105, 2582, 0),
(17, 106, 2583, 0),
(17, 107, 2584, 0),
(17, 108, 2585, 0),
(17, 109, 2586, 0),
(17, 110, 2587, 0),
(17, 111, 2588, 0),
(17, 112, 2589, 0),
(17, 113, 2590, 0),
(17, 114, 2591, 0),
(17, 115, 2592, 0),
(17, 116, 2593, 0),
(17, 117, 2594, 0),
(17, 118, 2595, 0),
(17, 119, 2596, 0),
(17, 120, 2597, 0),
(17, 121, 2598, 0),
(17, 122, 2599, 0),
(17, 123, 2600, 0),
(17, 124, 2601, 0),
(17, 125, 2602, 0),
(17, 126, 2603, 0),
(17, 127, 2604, 0),
(17, 128, 2605, 0),
(17, 129, 2606, 0),
(17, 130, 2607, 0),
(17, 131, 2608, 0),
(17, 132, 2609, 0),
(17, 133, 2610, 0),
(17, 134, 2611, 0),
(17, 135, 2612, 0),
(17, 136, 2613, 0),
(17, 137, 2614, 0),
(17, 138, 2615, 0),
(17, 139, 2616, 0),
(17, 140, 2617, 0),
(17, 141, 2618, 0),
(17, 142, 2619, 0),
(17, 143, 2620, 0),
(17, 144, 2621, 0),
(17, 145, 2622, 0),
(17, 146, 2623, 0),
(17, 147, 2624, 0),
(17, 148, 2625, 0),
(17, 149, 2626, 0),
(17, 150, 2627, 0),
(17, 151, 2628, 0),
(17, 152, 2629, 0),
(17, 153, 2630, 0),
(17, 154, 2631, 0),
(17, 155, 2632, 0),
(17, 156, 2633, 0),
(17, 157, 2634, 0),
(17, 158, 2635, 0),
(17, 159, 2636, 0),
(17, 160, 2637, 0),
(17, 161, 2638, 0),
(18, 1, 2639, 0),
(18, 2, 2640, 0),
(18, 3, 2641, 0),
(18, 4, 2642, 0),
(18, 5, 2643, 0),
(18, 6, 2644, 0),
(18, 7, 2645, 0),
(18, 8, 2646, 0),
(18, 9, 2647, 0),
(18, 10, 2648, 0),
(18, 11, 2649, 0),
(18, 12, 2650, 0),
(18, 13, 2651, 0),
(18, 14, 2652, 0),
(18, 15, 2653, 0),
(18, 16, 2654, 0),
(18, 17, 2655, 0),
(18, 18, 2656, 0),
(18, 19, 2657, 0),
(18, 20, 2658, 0),
(18, 21, 2659, 0),
(18, 22, 2660, 0),
(18, 23, 2661, 0),
(18, 24, 2662, 0),
(18, 25, 2663, 0),
(18, 26, 2664, 0),
(18, 27, 2665, 0),
(18, 28, 2666, 0),
(18, 29, 2667, 0),
(18, 30, 2668, 0),
(18, 31, 2669, 0),
(18, 32, 2670, 0),
(18, 33, 2671, 0),
(18, 34, 2672, 0),
(18, 35, 2673, 0),
(18, 36, 2674, 0),
(18, 37, 2675, 0),
(18, 38, 2676, 0),
(18, 39, 2677, 0),
(18, 40, 2678, 0),
(18, 41, 2679, 0),
(18, 42, 2680, 0),
(18, 43, 2681, 0),
(18, 44, 2682, 0),
(18, 45, 2683, 0),
(18, 46, 2684, 0),
(18, 47, 2685, 0),
(18, 48, 2686, 0),
(18, 49, 2687, 0),
(18, 50, 2688, 0),
(18, 51, 2689, 0),
(18, 52, 2690, 0),
(18, 53, 2691, 0),
(18, 54, 2692, 0),
(18, 55, 2693, 0),
(18, 56, 2694, 0),
(18, 57, 2695, 0),
(18, 58, 2696, 0),
(18, 59, 2697, 0),
(18, 60, 2698, 0),
(18, 61, 2699, 0),
(18, 62, 2700, 0),
(18, 63, 2701, 0),
(18, 64, 2702, 0),
(18, 65, 2703, 0),
(18, 66, 2704, 0),
(18, 67, 2705, 0),
(18, 68, 2706, 0),
(18, 69, 2707, 0),
(18, 70, 2708, 0),
(18, 71, 2709, 0),
(18, 72, 2710, 0),
(18, 73, 2711, 0),
(18, 74, 2712, 0),
(18, 75, 2713, 0),
(18, 76, 2714, 0),
(18, 77, 2715, 0),
(18, 78, 2716, 0),
(18, 79, 2717, 0),
(18, 80, 2718, 0),
(18, 81, 2719, 0),
(18, 82, 2720, 0),
(18, 83, 2721, 0),
(18, 84, 2722, 0),
(18, 85, 2723, 0),
(18, 86, 2724, 0),
(18, 87, 2725, 0),
(18, 88, 2726, 0),
(18, 89, 2727, 0),
(18, 90, 2728, 0),
(18, 91, 2729, 0),
(18, 92, 2730, 0),
(18, 93, 2731, 0),
(18, 94, 2732, 0),
(18, 95, 2733, 0),
(18, 96, 2734, 0),
(18, 97, 2735, 0),
(18, 98, 2736, 0),
(18, 99, 2737, 0),
(18, 100, 2738, 0),
(18, 101, 2739, 0),
(18, 102, 2740, 0),
(18, 103, 2741, 0),
(18, 104, 2742, 0),
(18, 105, 2743, 0),
(18, 106, 2744, 0),
(18, 107, 2745, 0),
(18, 108, 2746, 0),
(18, 109, 2747, 0),
(18, 110, 2748, 0),
(18, 111, 2749, 0),
(18, 112, 2750, 0),
(18, 113, 2751, 0),
(18, 114, 2752, 0),
(18, 115, 2753, 0),
(18, 116, 2754, 0),
(18, 117, 2755, 0),
(18, 118, 2756, 0),
(18, 119, 2757, 0),
(18, 120, 2758, 0),
(18, 121, 2759, 0),
(18, 122, 2760, 0),
(18, 123, 2761, 0),
(18, 124, 2762, 0),
(18, 125, 2763, 0),
(18, 126, 2764, 0),
(18, 127, 2765, 0),
(18, 128, 2766, 0),
(18, 129, 2767, 0),
(18, 130, 2768, 0),
(18, 131, 2769, 0),
(18, 132, 2770, 0),
(18, 133, 2771, 0),
(18, 134, 2772, 0),
(18, 135, 2773, 0),
(18, 136, 2774, 0),
(18, 137, 2775, 0),
(18, 138, 2776, 0),
(18, 139, 2777, 0),
(18, 140, 2778, 0),
(18, 141, 2779, 0),
(18, 142, 2780, 0),
(18, 143, 2781, 0),
(18, 144, 2782, 0),
(18, 145, 2783, 0),
(18, 146, 2784, 0),
(18, 147, 2785, 0),
(18, 148, 2786, 0),
(18, 149, 2787, 0),
(18, 150, 2788, 0),
(18, 151, 2789, 0),
(18, 152, 2790, 0),
(18, 153, 2791, 0),
(18, 154, 2792, 0),
(18, 155, 2793, 0),
(18, 156, 2794, 0),
(18, 157, 2795, 0),
(18, 158, 2796, 0),
(18, 159, 2797, 0),
(18, 160, 2798, 0),
(18, 161, 2799, 0),
(19, 1, 2800, 0),
(19, 2, 2801, 0),
(19, 3, 2802, 0),
(19, 4, 2803, 0),
(19, 5, 2804, 0),
(19, 6, 2805, 0),
(19, 7, 2806, 0),
(19, 8, 2807, 0),
(19, 9, 2808, 0),
(19, 10, 2809, 0),
(19, 11, 2810, 0),
(19, 12, 2811, 0),
(19, 13, 2812, 0),
(19, 14, 2813, 0),
(19, 15, 2814, 0),
(19, 16, 2815, 0),
(19, 17, 2816, 0),
(19, 18, 2817, 0),
(19, 19, 2818, 0),
(19, 20, 2819, 0),
(19, 21, 2820, 0),
(19, 22, 2821, 0),
(19, 23, 2822, 0),
(19, 24, 2823, 0),
(19, 25, 2824, 0),
(19, 26, 2825, 0),
(19, 27, 2826, 0),
(19, 28, 2827, 0),
(19, 29, 2828, 0),
(19, 30, 2829, 0),
(19, 31, 2830, 0),
(19, 32, 2831, 0),
(19, 33, 2832, 0),
(19, 34, 2833, 0),
(19, 35, 2834, 0),
(19, 36, 2835, 0),
(19, 37, 2836, 0),
(19, 38, 2837, 0),
(19, 39, 2838, 0),
(19, 40, 2839, 0),
(19, 41, 2840, 0),
(19, 42, 2841, 0),
(19, 43, 2842, 0),
(19, 44, 2843, 0),
(19, 45, 2844, 0),
(19, 46, 2845, 0),
(19, 47, 2846, 0),
(19, 48, 2847, 0),
(19, 49, 2848, 0),
(19, 50, 2849, 0),
(19, 51, 2850, 0),
(19, 52, 2851, 0),
(19, 53, 2852, 0),
(19, 54, 2853, 0),
(19, 55, 2854, 0),
(19, 56, 2855, 0),
(19, 57, 2856, 0),
(19, 58, 2857, 0),
(19, 59, 2858, 0),
(19, 60, 2859, 0),
(19, 61, 2860, 0),
(19, 62, 2861, 0),
(19, 63, 2862, 0),
(19, 64, 2863, 0),
(19, 65, 2864, 0),
(19, 66, 2865, 0),
(19, 67, 2866, 0),
(19, 68, 2867, 0),
(19, 69, 2868, 0),
(19, 70, 2869, 0),
(19, 71, 2870, 0),
(19, 72, 2871, 0),
(19, 73, 2872, 0),
(19, 74, 2873, 0),
(19, 75, 2874, 0),
(19, 76, 2875, 0),
(19, 77, 2876, 0),
(19, 78, 2877, 0),
(19, 79, 2878, 0),
(19, 80, 2879, 0),
(19, 81, 2880, 0),
(19, 82, 2881, 0),
(19, 83, 2882, 0),
(19, 84, 2883, 0),
(19, 85, 2884, 0),
(19, 86, 2885, 0),
(19, 87, 2886, 0),
(19, 88, 2887, 0),
(19, 89, 2888, 0),
(19, 90, 2889, 0),
(19, 91, 2890, 0),
(19, 92, 2891, 0),
(19, 93, 2892, 0),
(19, 94, 2893, 0),
(19, 95, 2894, 0),
(19, 96, 2895, 0),
(19, 97, 2896, 0),
(19, 98, 2897, 0),
(19, 99, 2898, 0),
(19, 100, 2899, 0),
(19, 101, 2900, 0),
(19, 102, 2901, 0),
(19, 103, 2902, 0),
(19, 104, 2903, 0),
(19, 105, 2904, 0),
(19, 106, 2905, 0),
(19, 107, 2906, 0),
(19, 108, 2907, 0),
(19, 109, 2908, 0),
(19, 110, 2909, 0),
(19, 111, 2910, 0),
(19, 112, 2911, 0),
(19, 113, 2912, 0),
(19, 114, 2913, 0),
(19, 115, 2914, 0),
(19, 116, 2915, 0),
(19, 117, 2916, 0),
(19, 118, 2917, 0),
(19, 119, 2918, 0),
(19, 120, 2919, 0),
(19, 121, 2920, 0),
(19, 122, 2921, 0),
(19, 123, 2922, 0),
(19, 124, 2923, 0),
(19, 125, 2924, 0),
(19, 126, 2925, 0),
(19, 127, 2926, 0),
(19, 128, 2927, 0),
(19, 129, 2928, 0),
(19, 130, 2929, 0),
(19, 131, 2930, 0),
(19, 132, 2931, 0),
(19, 133, 2932, 0),
(19, 134, 2933, 0),
(19, 135, 2934, 0),
(19, 136, 2935, 0),
(19, 137, 2936, 0),
(19, 138, 2937, 0),
(19, 139, 2938, 0),
(19, 140, 2939, 0),
(19, 141, 2940, 0),
(19, 142, 2941, 0),
(19, 143, 2942, 0),
(19, 144, 2943, 0),
(19, 145, 2944, 0),
(19, 146, 2945, 0),
(19, 147, 2946, 0),
(19, 148, 2947, 0),
(19, 149, 2948, 0),
(19, 150, 2949, 0),
(19, 151, 2950, 0),
(19, 152, 2951, 0),
(19, 153, 2952, 0),
(19, 154, 2953, 0),
(19, 155, 2954, 0),
(19, 156, 2955, 0),
(19, 157, 2956, 0),
(19, 158, 2957, 0),
(19, 159, 2958, 0),
(19, 160, 2959, 0),
(19, 161, 2960, 0),
(20, 1, 2961, 0),
(20, 2, 2962, 0),
(20, 3, 2963, 0),
(20, 4, 2964, 0),
(20, 5, 2965, 0),
(20, 6, 2966, 0),
(20, 7, 2967, 0),
(20, 8, 2968, 0),
(20, 9, 2969, 0),
(20, 10, 2970, 0),
(20, 11, 2971, 0),
(20, 12, 2972, 0),
(20, 13, 2973, 0),
(20, 14, 2974, 0),
(20, 15, 2975, 0),
(20, 16, 2976, 0),
(20, 17, 2977, 0),
(20, 18, 2978, 0),
(20, 19, 2979, 0),
(20, 20, 2980, 0),
(20, 21, 2981, 0),
(20, 22, 2982, 0),
(20, 23, 2983, 0),
(20, 24, 2984, 0),
(20, 25, 2985, 0),
(20, 26, 2986, 0),
(20, 27, 2987, 0),
(20, 28, 2988, 0),
(20, 29, 2989, 0),
(20, 30, 2990, 0),
(20, 31, 2991, 0),
(20, 32, 2992, 0),
(20, 33, 2993, 0),
(20, 34, 2994, 0),
(20, 35, 2995, 0),
(20, 36, 2996, 0),
(20, 37, 2997, 0),
(20, 38, 2998, 0),
(20, 39, 2999, 0),
(20, 40, 3000, 0),
(20, 41, 3001, 0),
(20, 42, 3002, 0),
(20, 43, 3003, 0),
(20, 44, 3004, 0),
(20, 45, 3005, 0),
(20, 46, 3006, 0),
(20, 47, 3007, 0),
(20, 48, 3008, 0),
(20, 49, 3009, 0),
(20, 50, 3010, 0),
(20, 51, 3011, 0),
(20, 52, 3012, 0),
(20, 53, 3013, 0),
(20, 54, 3014, 0),
(20, 55, 3015, 0),
(20, 56, 3016, 0),
(20, 57, 3017, 0),
(20, 58, 3018, 0),
(20, 59, 3019, 0);
INSERT INTO `aluno_disciplina` (`disciplina_iddisciplina`, `aluno_idaluno`, `idalunodisciplina`, `disciplinaativo`) VALUES
(20, 60, 3020, 0),
(20, 61, 3021, 0),
(20, 62, 3022, 0),
(20, 63, 3023, 0),
(20, 64, 3024, 0),
(20, 65, 3025, 0),
(20, 66, 3026, 0),
(20, 67, 3027, 0),
(20, 68, 3028, 0),
(20, 69, 3029, 0),
(20, 70, 3030, 0),
(20, 71, 3031, 0),
(20, 72, 3032, 0),
(20, 73, 3033, 0),
(20, 74, 3034, 0),
(20, 75, 3035, 0),
(20, 76, 3036, 0),
(20, 77, 3037, 0),
(20, 78, 3038, 0),
(20, 79, 3039, 0),
(20, 80, 3040, 0),
(20, 81, 3041, 0),
(20, 82, 3042, 0),
(20, 83, 3043, 0),
(20, 84, 3044, 0),
(20, 85, 3045, 0),
(20, 86, 3046, 0),
(20, 87, 3047, 0),
(20, 88, 3048, 0),
(20, 89, 3049, 0),
(20, 90, 3050, 0),
(20, 91, 3051, 0),
(20, 92, 3052, 0),
(20, 93, 3053, 0),
(20, 94, 3054, 0),
(20, 95, 3055, 0),
(20, 96, 3056, 0),
(20, 97, 3057, 0),
(20, 98, 3058, 0),
(20, 99, 3059, 0),
(20, 100, 3060, 0),
(20, 101, 3061, 0),
(20, 102, 3062, 0),
(20, 103, 3063, 0),
(20, 104, 3064, 0),
(20, 105, 3065, 0),
(20, 106, 3066, 0),
(20, 107, 3067, 0),
(20, 108, 3068, 0),
(20, 109, 3069, 0),
(20, 110, 3070, 0),
(20, 111, 3071, 0),
(20, 112, 3072, 0),
(20, 113, 3073, 0),
(20, 114, 3074, 0),
(20, 115, 3075, 0),
(20, 116, 3076, 0),
(20, 117, 3077, 0),
(20, 118, 3078, 0),
(20, 119, 3079, 0),
(20, 120, 3080, 0),
(20, 121, 3081, 0),
(20, 122, 3082, 0),
(20, 123, 3083, 0),
(20, 124, 3084, 0),
(20, 125, 3085, 0),
(20, 126, 3086, 0),
(20, 127, 3087, 0),
(20, 128, 3088, 0),
(20, 129, 3089, 0),
(20, 130, 3090, 0),
(20, 131, 3091, 0),
(20, 132, 3092, 0),
(20, 133, 3093, 0),
(20, 134, 3094, 0),
(20, 135, 3095, 0),
(20, 136, 3096, 0),
(20, 137, 3097, 0),
(20, 138, 3098, 0),
(20, 139, 3099, 0),
(20, 140, 3100, 0),
(20, 141, 3101, 0),
(20, 142, 3102, 0),
(20, 143, 3103, 0),
(20, 144, 3104, 0),
(20, 145, 3105, 0),
(20, 146, 3106, 0),
(20, 147, 3107, 0),
(20, 148, 3108, 0),
(20, 149, 3109, 0),
(20, 150, 3110, 0),
(20, 151, 3111, 0),
(20, 152, 3112, 0),
(20, 153, 3113, 0),
(20, 154, 3114, 0),
(20, 155, 3115, 0),
(20, 156, 3116, 0),
(20, 157, 3117, 0),
(20, 158, 3118, 0),
(20, 159, 3119, 0),
(20, 160, 3120, 0),
(20, 161, 3121, 0);

-- --------------------------------------------------------

--
-- Estrutura da tabela `disciplina`
--

CREATE TABLE `disciplina` (
  `iddisciplina` int(10) UNSIGNED NOT NULL,
  `descricaodisciplina` varchar(100) DEFAULT NULL
) ENGINE=InnoDB DEFAULT CHARSET=utf8;

--
-- Extraindo dados da tabela `disciplina`
--

INSERT INTO `disciplina` (`iddisciplina`, `descricaodisciplina`) VALUES
(1, '	Segurança do Trabalho	'),
(2, '	Desenvolvimento para Web II	'),
(3, '	Empreendedorismo	'),
(4, '	Engenharia de SoftWare	'),
(5, '	Implantação e Administração de Serviços Web 	'),
(6, '	Interação Humano-Computador 	'),
(7, '	Projeto e Prática II	'),
(8, '	Banco de Dados 	'),
(9, '	Desenvolvimento Para Web I 	'),
(10, '	Ética Profissional e Cidadania 	'),
(11, '	Programação Orientada a Objeto	'),
(12, '	Projeto e Prática I 	'),
(13, '	Segurança de sistemas Para Internet 	'),
(14, '	Sistemas Operacionais 	'),
(15, '	 Fundamentos da Informática	'),
(16, '	Lógica de Programação e Estrutura de Dados 	'),
(17, '	 inglês Instrumental	'),
(18, '	 Matemática Aplicada	'),
(19, '	 Português Instrumental	'),
(20, '	 Rede de computadores 	');

-- --------------------------------------------------------

--
-- Estrutura da tabela `notificacao`
--

CREATE TABLE `notificacao` (
  `idnotificacao` int(10) UNSIGNED NOT NULL,
  `usuario_idusuario` int(10) UNSIGNED NOT NULL,
  `tiponotificacao_idtiponotificacao` int(10) UNSIGNED NOT NULL,
  `descricao` longtext,
  `urlimagem` varchar(200) DEFAULT NULL,
  `linknotificacao` varchar(200) DEFAULT NULL,
  `titulonotificacao` varchar(200) DEFAULT NULL
) ENGINE=InnoDB DEFAULT CHARSET=utf8;

-- --------------------------------------------------------

--
-- Estrutura da tabela `notificacao_aluno`
--

CREATE TABLE `notificacao_aluno` (
  `notificacao_idnotificacao` int(10) UNSIGNED NOT NULL,
  `aluno_idaluno` int(10) UNSIGNED NOT NULL,
  `visualizada` int(1) NOT NULL DEFAULT '0'
) ENGINE=InnoDB DEFAULT CHARSET=utf8;

-- --------------------------------------------------------

--
-- Estrutura da tabela `tiponotificacao`
--

CREATE TABLE `tiponotificacao` (
  `idtiponotificacao` int(10) UNSIGNED NOT NULL,
  `descricaonotificacao` varchar(100) DEFAULT NULL
) ENGINE=InnoDB DEFAULT CHARSET=utf8;

--
-- Extraindo dados da tabela `tiponotificacao`
--

INSERT INTO `tiponotificacao` (`idtiponotificacao`, `descricaonotificacao`) VALUES
(1, 'Notificação curta'),
(2, 'Notificação longa'),
(3, 'Notificação com imagem'),
(4, 'Notificação com botão');

-- --------------------------------------------------------

--
-- Estrutura da tabela `tipousuario`
--

CREATE TABLE `tipousuario` (
  `idtipousuario` int(10) UNSIGNED NOT NULL,
  `descricaousuario` varchar(100) DEFAULT NULL
) ENGINE=InnoDB DEFAULT CHARSET=utf8;

--
-- Extraindo dados da tabela `tipousuario`
--

INSERT INTO `tipousuario` (`idtipousuario`, `descricaousuario`) VALUES
(1, 'Professor'),
(2, 'Técnico'),
(3, 'Administrador');

-- --------------------------------------------------------

--
-- Estrutura da tabela `turma`
--

CREATE TABLE `turma` (
  `idturma` int(10) UNSIGNED NOT NULL,
  `nometurma` varchar(100) DEFAULT NULL,
  `turnoturma` varchar(20) DEFAULT NULL
) ENGINE=InnoDB DEFAULT CHARSET=utf8;

--
-- Extraindo dados da tabela `turma`
--

INSERT INTO `turma` (`idturma`, `nometurma`, `turnoturma`) VALUES
(1, '	técnico em informática para internet 1	', '	vespertino	'),
(2, '	técnico em informática para internet 2	', '	noturno	'),
(3, '	técnico em informática para internet 3	', '	vespertino	'),
(4, '	técnico em informática para internet 1	', '	noturno	'),
(5, '	técnico em informática para internet 2	', '	vespertino	'),
(6, '	técnico em informática para internet 3	', '	noturno	');

-- --------------------------------------------------------

--
-- Estrutura da tabela `turma_disciplina`
--

CREATE TABLE `turma_disciplina` (
  `turma_idturma` int(10) UNSIGNED NOT NULL,
  `disciplina_iddisciplina` int(10) UNSIGNED NOT NULL
) ENGINE=InnoDB DEFAULT CHARSET=utf8;

--
-- Extraindo dados da tabela `turma_disciplina`
--

INSERT INTO `turma_disciplina` (`turma_idturma`, `disciplina_iddisciplina`) VALUES
(1, 1),
(1, 15),
(1, 17),
(1, 16),
(1, 18),
(1, 19),
(1, 20),
(4, 1),
(4, 15),
(4, 17),
(4, 16),
(4, 18),
(4, 19),
(4, 20),
(2, 8),
(2, 9),
(2, 10),
(2, 11),
(2, 12),
(2, 13),
(2, 14),
(5, 8),
(5, 9),
(5, 10),
(5, 11),
(5, 12),
(5, 13),
(5, 14),
(3, 2),
(3, 3),
(3, 4),
(3, 5),
(3, 6),
(3, 7),
(6, 2),
(6, 3),
(6, 4),
(6, 5),
(6, 6),
(6, 7);

-- --------------------------------------------------------

--
-- Estrutura da tabela `usuario`
--

CREATE TABLE `usuario` (
  `idusuario` int(10) UNSIGNED NOT NULL,
  `tokenusuario` varchar(100) NOT NULL,
  `tipousuario_idtipousuario` int(10) UNSIGNED DEFAULT NULL,
  `cpfusuario` varchar(11) DEFAULT NULL,
  `nomeusuario` varchar(100) DEFAULT NULL,
  `senha` varchar(80) DEFAULT NULL,
  `usuarioativo` int(1) UNSIGNED DEFAULT NULL
) ENGINE=InnoDB DEFAULT CHARSET=utf8;

--
-- Extraindo dados da tabela `usuario`
--

INSERT INTO `usuario` (`idusuario`, `tokenusuario`, `tipousuario_idtipousuario`, `cpfusuario`, `nomeusuario`, `senha`, `usuarioativo`) VALUES
(1, '', 1, NULL, '	Sergio Torres de Santana	', NULL, 0),
(2, '', 1, NULL, '	Ana Josil Sá Barreto Montenegro 	', NULL, 0),
(3, '', 1, NULL, '	Diego Cesar Florencio de Queiroz	', NULL, 0),
(4, '', 1, NULL, '	Thiago Marques Madureira	', NULL, 0),
(5, '', 1, NULL, '	Eleonor de Fátima Benício Cordeiro 	', NULL, 0),
(6, '', 1, NULL, '	Luciano de Souza Cabral 	', NULL, 0),
(7, '', 1, NULL, '	Symone Figueiredo do Nascimento 	', NULL, 0),
(8, '', 1, NULL, '	Roberto Luiz Sena de Alencar 	', NULL, 0),
(9, '', 1, NULL, '	José Sóstenes Silva Cruz 	', NULL, 0),
(10, '', 1, NULL, '	Nilson Cândido de Oliveira Júnior 	', NULL, 0),
(11, '', 1, NULL, '	Diego dos Passos Silva 	', NULL, 0),
(12, '', 1, NULL, '	Francisco do Nascimento Junior 	', NULL, 0),
(13, '', 1, NULL, '	Havana Diogo Alves 	', NULL, 0),
(14, '', 1, NULL, '	Maria Carolina Torres da Silva 	', NULL, 0),
(15, '', 1, NULL, '	Josino Rodrigues Neto 	', NULL, 0),
(16, '', 3, '11219640441', 'Administrador', 'FC0D9DA0E387EE893C2471646921A903', 1);

-- --------------------------------------------------------

--
-- Estrutura da tabela `usuario_disciplina`
--

CREATE TABLE `usuario_disciplina` (
  `usuario_idusuario` int(10) UNSIGNED NOT NULL,
  `disciplina_iddisciplina` int(10) UNSIGNED NOT NULL
) ENGINE=InnoDB DEFAULT CHARSET=utf8;

--
-- Extraindo dados da tabela `usuario_disciplina`
--

INSERT INTO `usuario_disciplina` (`usuario_idusuario`, `disciplina_iddisciplina`) VALUES
(1, 6),
(1, 15),
(2, 17),
(3, 16),
(4, 18),
(5, 17),
(5, 19),
(6, 13),
(6, 20),
(7, 1),
(7, 10),
(8, 2),
(8, 11),
(9, 3),
(10, 4),
(10, 12),
(11, 5),
(11, 14),
(12, 7),
(12, 12),
(13, 8),
(13, 9),
(14, 8),
(15, 9),
(15, 11);

--
-- Indexes for dumped tables
--

--
-- Indexes for table `aluno`
--
ALTER TABLE `aluno`
  ADD PRIMARY KEY (`idaluno`);

--
-- Indexes for table `aluno_disciplina`
--
ALTER TABLE `aluno_disciplina`
  ADD PRIMARY KEY (`idalunodisciplina`),
  ADD KEY `aluno_disciplina_FKIndex1` (`aluno_idaluno`),
  ADD KEY `aluno_disciplina_FKIndex2` (`disciplina_iddisciplina`);

--
-- Indexes for table `disciplina`
--
ALTER TABLE `disciplina`
  ADD PRIMARY KEY (`iddisciplina`);

--
-- Indexes for table `notificacao`
--
ALTER TABLE `notificacao`
  ADD PRIMARY KEY (`idnotificacao`),
  ADD KEY `notificacao_FKIndex1` (`tiponotificacao_idtiponotificacao`),
  ADD KEY `notificacao_FKIndex2` (`usuario_idusuario`);

--
-- Indexes for table `notificacao_aluno`
--
ALTER TABLE `notificacao_aluno`
  ADD PRIMARY KEY (`notificacao_idnotificacao`,`aluno_idaluno`),
  ADD KEY `notificacao_aluno_FKIndex1` (`notificacao_idnotificacao`),
  ADD KEY `notificacao_aluno_FKIndex2` (`aluno_idaluno`);

--
-- Indexes for table `tiponotificacao`
--
ALTER TABLE `tiponotificacao`
  ADD PRIMARY KEY (`idtiponotificacao`);

--
-- Indexes for table `tipousuario`
--
ALTER TABLE `tipousuario`
  ADD PRIMARY KEY (`idtipousuario`);

--
-- Indexes for table `turma`
--
ALTER TABLE `turma`
  ADD PRIMARY KEY (`idturma`);

--
-- Indexes for table `turma_disciplina`
--
ALTER TABLE `turma_disciplina`
  ADD KEY `turma_disciplina_FKIndex1` (`disciplina_iddisciplina`),
  ADD KEY `turma_disciplina_FKIndex2` (`turma_idturma`);

--
-- Indexes for table `usuario`
--
ALTER TABLE `usuario`
  ADD PRIMARY KEY (`idusuario`),
  ADD KEY `usuario_FKIndex1` (`tipousuario_idtipousuario`);

--
-- Indexes for table `usuario_disciplina`
--
ALTER TABLE `usuario_disciplina`
  ADD PRIMARY KEY (`usuario_idusuario`,`disciplina_iddisciplina`),
  ADD KEY `usuario_disciplina_FKIndex1` (`usuario_idusuario`),
  ADD KEY `usuario_disciplina_FKIndex2` (`disciplina_iddisciplina`);

--
-- AUTO_INCREMENT for dumped tables
--

--
-- AUTO_INCREMENT for table `aluno`
--
ALTER TABLE `aluno`
  MODIFY `idaluno` int(10) UNSIGNED NOT NULL AUTO_INCREMENT, AUTO_INCREMENT=162;
--
-- AUTO_INCREMENT for table `aluno_disciplina`
--
ALTER TABLE `aluno_disciplina`
  MODIFY `idalunodisciplina` int(10) UNSIGNED NOT NULL AUTO_INCREMENT, AUTO_INCREMENT=3122;
--
-- AUTO_INCREMENT for table `disciplina`
--
ALTER TABLE `disciplina`
  MODIFY `iddisciplina` int(10) UNSIGNED NOT NULL AUTO_INCREMENT, AUTO_INCREMENT=21;
--
-- AUTO_INCREMENT for table `notificacao`
--
ALTER TABLE `notificacao`
  MODIFY `idnotificacao` int(10) UNSIGNED NOT NULL AUTO_INCREMENT;
--
-- AUTO_INCREMENT for table `tiponotificacao`
--
ALTER TABLE `tiponotificacao`
  MODIFY `idtiponotificacao` int(10) UNSIGNED NOT NULL AUTO_INCREMENT, AUTO_INCREMENT=5;
--
-- AUTO_INCREMENT for table `tipousuario`
--
ALTER TABLE `tipousuario`
  MODIFY `idtipousuario` int(10) UNSIGNED NOT NULL AUTO_INCREMENT, AUTO_INCREMENT=4;
--
-- AUTO_INCREMENT for table `turma`
--
ALTER TABLE `turma`
  MODIFY `idturma` int(10) UNSIGNED NOT NULL AUTO_INCREMENT, AUTO_INCREMENT=7;
--
-- AUTO_INCREMENT for table `usuario`
--
ALTER TABLE `usuario`
  MODIFY `idusuario` int(10) UNSIGNED NOT NULL AUTO_INCREMENT, AUTO_INCREMENT=17;
--
-- Constraints for dumped tables
--

--
-- Limitadores para a tabela `notificacao`
--
ALTER TABLE `notificacao`
  ADD CONSTRAINT `notificacao_ibfk_1` FOREIGN KEY (`tiponotificacao_idtiponotificacao`) REFERENCES `tiponotificacao` (`idtiponotificacao`) ON DELETE NO ACTION ON UPDATE NO ACTION,
  ADD CONSTRAINT `notificacao_ibfk_2` FOREIGN KEY (`usuario_idusuario`) REFERENCES `usuario` (`idusuario`) ON DELETE NO ACTION ON UPDATE NO ACTION;

--
-- Limitadores para a tabela `notificacao_aluno`
--
ALTER TABLE `notificacao_aluno`
  ADD CONSTRAINT `notificacao_aluno_ibfk_1` FOREIGN KEY (`notificacao_idnotificacao`) REFERENCES `notificacao` (`idnotificacao`) ON DELETE NO ACTION ON UPDATE NO ACTION,
  ADD CONSTRAINT `notificacao_aluno_ibfk_2` FOREIGN KEY (`aluno_idaluno`) REFERENCES `aluno` (`idaluno`) ON DELETE NO ACTION ON UPDATE NO ACTION;

--
-- Limitadores para a tabela `turma_disciplina`
--
ALTER TABLE `turma_disciplina`
  ADD CONSTRAINT `turma_disciplina_ibfk_1` FOREIGN KEY (`disciplina_iddisciplina`) REFERENCES `disciplina` (`iddisciplina`) ON DELETE NO ACTION ON UPDATE NO ACTION,
  ADD CONSTRAINT `turma_disciplina_ibfk_2` FOREIGN KEY (`turma_idturma`) REFERENCES `turma` (`idturma`) ON DELETE NO ACTION ON UPDATE NO ACTION;

--
-- Limitadores para a tabela `usuario`
--
ALTER TABLE `usuario`
  ADD CONSTRAINT `usuario_ibfk_1` FOREIGN KEY (`tipousuario_idtipousuario`) REFERENCES `tipousuario` (`idtipousuario`) ON DELETE NO ACTION ON UPDATE NO ACTION;

--
-- Limitadores para a tabela `usuario_disciplina`
--
ALTER TABLE `usuario_disciplina`
  ADD CONSTRAINT `usuario_disciplina_ibfk_1` FOREIGN KEY (`usuario_idusuario`) REFERENCES `usuario` (`idusuario`) ON DELETE NO ACTION ON UPDATE NO ACTION,
  ADD CONSTRAINT `usuario_disciplina_ibfk_2` FOREIGN KEY (`disciplina_iddisciplina`) REFERENCES `disciplina` (`iddisciplina`) ON DELETE NO ACTION ON UPDATE NO ACTION;

/*!40101 SET CHARACTER_SET_CLIENT=@OLD_CHARACTER_SET_CLIENT */;
/*!40101 SET CHARACTER_SET_RESULTS=@OLD_CHARACTER_SET_RESULTS */;
/*!40101 SET COLLATION_CONNECTION=@OLD_COLLATION_CONNECTION */;
